,person,sequence_id,group,sequence,reported_sequence,corrected_sequence,cleaned_sequence,cleaned_reported_sequence,correct,sequence_errors,errors,marked
0,pierreG,38,bachelor,hhhhhxthxhtthhhthtthhhthhhhhhthhhtxtxhhtthhhttxhtxhxththhhhhhhthtthhhhhthhthhthhhthhxhhttthhhhtthxhthtthtttth ,tttttxhtxthhttththhttthtttttthttthxhxtthhttthhxthxtxhthttttttththhttttthtthtthttthttxtthhhtttthhtxththhthhhht,tttttxhtxthhttththhttthtttttthttthxhxtthhttthhxthxtxhthttttttththhttttthtthtthttthttxtthhhtttthhtxththhthhhht ,ttttthtthhttththhttthtttttthttthhtthhttthhthththttttttththhttttthtthtthttthtttthhhtttthhtththhthhhht ,ttttthtthhttththhttthtttttthttthhtthhttthhthththttttttththhttttthtthtthttthtttthhhtttthhtththhthhhht,0,"[0, 0, 0, 0, 0, 0, 0, 0, 0, 0, 0, 0, 0, 0, 0, 0, 0, 0, 0, 0, 0, 0, 0, 0, 0, 0, 0, 0, 0, 0, 0, 0, 0, 0, 0, 0, 0, 0, 0, 0, 0, 0, 0, 0, 0, 0, 0, 0, 0, 0, 0, 0, 0, 0, 0, 0, 0, 0, 0, 0, 0, 0, 0, 0, 0, 0, 0, 0, 0, 0, 0, 0, 0, 0, 0, 0, 0, 0, 0, 0, 0, 0, 0, 0, 0, 0, 0, 0, 0, 0, 0, 0, 0, 0, 0, 0, 0, 0, 0, 0]","[0, 0, 0, 0, 0, 0, 0, 0, 0, 0, 0, 0, 0, 0, 0, 0, 0, 0, 0, 0, 0, 0, 0, 0, 0, 0, 0, 0, 0, 0, 0, 0, 0, 0, 0, 0, 0, 0, 0, 0, 0, 0, 0, 0, 0, 0, 0, 0, 0, 0, 0, 0, 0, 0, 0, 0, 0, 0, 0, 0, 0, 0, 0, 0, 0, 0, 0, 0, 0, 0, 0, 0, 0, 0, 0, 0, 0, 0, 0, 0, 0, 0, 0, 0, 0, 0, 0, 0, 0, 0, 0, 0, 0, 0, 0, 0, 0, 0, 0, 0, 0]",
1,amirS,112,bachelor,hhhthtthhthhhtttxhxthtxhthxhxthhxththhhthtxthttththxhhhhthhthtththtthttttthhthxththhhththtthhxtthhthtthhhthh,hhxttththhtthttthhhxththxthtxtxhttxhththtththxthhhthtxtttthtththhththhthhhhhtthtxhthttthththhttxhhtththhttthtt,hhhthtthhthhhtttxhxthtxhthxhxthhxththhhthtxthttththxhhhhthhthtththtthttttthhthxththhhththtthhxtthhthtthhhthh,hhhthtthhthhhttththththhthhththhhthtthttththhhhhthhthtththtthttttthhthththhhththtthhtthhthtthhhthh,hhttththhtthttthhhthththtthtthththtthththhhthttttthtththhththhthhhhhtthththttthththhtthhtththhttthtt,0,"[0, 0, 1, 0, 1, 1, 0, 0, 0, 0, 1, 0, 1, 0, 0, 1, 0, 1, 1, 1, 1, 1, 1, 0, 0, 1, 0, 0, 1, 1, 1, 0, 1, 1, 1, 0, 1, 1, 1, 0, 1, 0, 1, 1, 0, 1, 1, 1, 0, 1, 0, 0, 1, 1, 0, 0, 1, 1, 1, 0, 0, 1, 0, 1, 1, 1, 0, 0, 0, 1, 1, 1, 1, 1, 0, 1, 0, 1, 1, 1, 1, 0, 0, 0, 0, 0, 0, 0, 0, 1, 1, 0, 0, 0, 1, 0, 1, 0]","[0, 0, 1, 0, 1, 1, 0, 0, 0, 0, 1, 0, 1, 0, 0, 0, 1, 0, 0, 0, 0, 0, 0, 0, 1, 0, 0, 1, 0, 0, 0, 0, 1, 0, 0, 1, 1, 0, 0, 0, 1, 1, 0, 0, 0, 1, 1, 1, 1, 0, 0, 1, 0, 0, 0, 1, 0, 0, 0, 0, 1, 0, 0, 1, 1, 1, 1, 0, 1, 0, 0, 0, 0, 0, 0, 1, 1, 0, 0, 0, 0, 0, 1, 0, 1, 0, 1, 0, 1, 0, 0, 0, 1, 0, 1, 1, 0, 0, 0, 1]",x
2,davidV,14,bachelor,ttththhthhhhhthtttxthhhhhthtththhtxthhxththhhhthtthxthxhttxthththhttttttxtxtthxhtxttxhtxthhxxhtthttxhtttttth,ttththhthhhhhthttththhhhhthtththhtthhththhhththtthhthhttthththhttttttthtthhtttthhtthhhhtthtthtttttth,ttththhthhhhhthtttxthhhhhthtththhtxthhxththhhhthtthxthxhttxthththhttttttxtxtthxhtxttxhtxthhxxhtthttxhtttttth,ttththhthhhhhthtttthhhhhthtththhtthhththhhhthtththhttthththhttttttttthhttthtthhhtthtthtttttth,ttththhthhhhhthttththhhhhthtththhtthhththhhththtthhthhttthththhttttttthtthhtttthhtthhhhtthtthtttttth,0,"[0, 0, 0, 0, 0, 0, 0, 0, 0, 0, 0, 0, 0, 0, 0, 0, 0, 0, 1, 1, 0, 0, 0, 0, 1, 1, 1, 0, 1, 1, 1, 0, 1, 0, 1, 0, 1, 1, 1, 1, 0, 0, 0, 0, 0, 0, 1, 1, 0, 0, 0, 0, 1, 1, 1, 0, 1, 1, 1, 0, 0, 1, 1, 0, 0, 0, 0, 0, 0, 1, 0, 0, 0, 1, 0, 0, 0, 1, 1, 0, 1, 0, 1, 1, 1, 0, 1, 0, 0, 1, 0, 0, 0]","[0, 0, 0, 0, 0, 0, 0, 0, 0, 0, 0, 0, 0, 0, 0, 0, 0, 0, 0, 0, 0, 0, 0, 0, 0, 0, 0, 0, 0, 0, 0, 0, 0, 0, 0, 0, 0, 0, 0, 0, 0, 0, 0, 0, 0, 0, 0, 0, 0, 0, 0, 0, 0, 0, 0, 0, 0, 0, 0, 0, 0, 0, 0, 0, 0, 0, 0, 0, 0, 0, 0, 0, 0, 0, 0, 0, 0, 0, 0, 0, 0, 0, 0, 0, 0, 0, 0, 0, 0, 0, 0, 0, 0, 0, 0, 0, 0, 0, 0, 0]",
3,kaleemU,104,bachelor,tthhhtttthhthhhththhhhhhthxhththtthhhththhtthhthhhhhhtththhthhhhhtttxhhhhhhtthhhhthhthttxhxhthtttxhhhtthh,tthhhtttthhthhhththhhhhhthxhththhthhhththhtthhthhhhhhtththhthhhhhtttxhhhhhhtthhhhthhthttxhhthttthhhtthh,tthhhtttthhthhhththhhhhhthxhththtthhhththhtthhthhhhhhtththhthhhhhtttxhhhhhhtthhhhthhthttxhxhthtttxhhhtthh,tthhhtttthhthhhththhhhhhthhththtthhhththhtthhthhhhhhtththhthhhhhttthhhhhhtthhhhthhthtthhthttthhhtthh,tthhhtttthhthhhththhhhhhthhththhthhhththhtthhthhhhhhtththhthhhhhttthhhhhhtthhhhthhthtthhthttthhhtthh,0,"[0, 0, 0, 0, 0, 0, 0, 0, 0, 0, 0, 0, 0, 0, 0, 0, 0, 0, 0, 0, 0, 0, 0, 0, 0, 0, 0, 0, 0, 0, 0, 1, 0, 0, 0, 0, 0, 0, 0, 0, 0, 0, 0, 0, 0, 0, 0, 0, 0, 0, 0, 0, 0, 0, 0, 0, 0, 0, 0, 0, 0, 0, 0, 0, 0, 0, 0, 0, 0, 0, 0, 0, 0, 0, 0, 0, 0, 0, 0, 0, 0, 0, 0, 0, 0, 0, 0, 0, 0, 0, 0, 0, 0, 0, 0, 0, 0, 0, 0, 0]","[0, 0, 0, 0, 0, 0, 0, 0, 0, 0, 0, 0, 0, 0, 0, 0, 0, 0, 0, 0, 0, 0, 0, 0, 0, 0, 0, 0, 0, 0, 0, 1, 0, 0, 0, 0, 0, 0, 0, 0, 0, 0, 0, 0, 0, 0, 0, 0, 0, 0, 0, 0, 0, 0, 0, 0, 0, 0, 0, 0, 0, 0, 0, 0, 0, 0, 0, 0, 0, 0, 0, 0, 0, 0, 0, 0, 0, 0, 0, 0, 0, 0, 0, 0, 0, 0, 0, 0, 0, 0, 0, 0, 0, 0, 0, 0, 0, 0, 0, 0]",
4,davidKL,58,bachelor,httthhhhthtthtttthhhhthhhhhhhthttxhhxhhtttttttxtthhhxthtxthhttxthhhthhhttthxtththhttthhhttthhtththtxhxhtththtxhhh,httthhhhthtthtttthhhhthhhhhthtthhhhttttttttthhhthtthhttthhhthhhttthtththhttthhhttthtthththhtthththh,httthhhhthtthtttthhhhthhhhhhhthttxhhxhhtttttttxtthhhxthtxthhttxthhhthhhttthxtththhttthhhttthhtththtxhxhtththtxhhh,httthhhhthtthtttthhhhthhhhhhhthtthhhhttttttttthhhthtthhttthhhthhhttthtththhttthhhttthhtthththhtthththhh,httthhhhthtthtttthhhhthhhhhthtthhhhttttttttthhhthtthhttthhhthhhttthtththhttthhhttthtthththhtthththh,0,"[0, 0, 0, 0, 0, 0, 0, 0, 0, 0, 0, 0, 0, 0, 0, 0, 0, 0, 0, 0, 0, 0, 0, 0, 0, 0, 0, 1, 0, 0, 1, 1, 1, 0, 0, 1, 1, 0, 0, 0, 0, 0, 0, 0, 1, 1, 0, 1, 0, 0, 1, 1, 1, 1, 1, 0, 1, 1, 0, 1, 0, 1, 0, 1, 1, 0, 1, 0, 1, 1, 0, 0, 1, 1, 1, 0, 1, 1, 0, 1, 1, 0, 1, 0, 1, 0, 0, 1, 1, 1, 0, 0, 1, 0, 0, 1, 1, 1, 0]","[0, 0, 0, 0, 0, 0, 0, 0, 0, 0, 0, 0, 0, 0, 0, 0, 0, 0, 0, 0, 0, 0, 0, 0, 0, 0, 0, 0, 0, 0, 0, 0, 0, 0, 0, 0, 0, 0, 0, 0, 0, 0, 0, 0, 0, 0, 0, 0, 0, 0, 0, 0, 0, 0, 0, 0, 0, 0, 0, 0, 0, 0, 0, 0, 0, 0, 0, 0, 0, 0, 0, 0, 0, 0, 0, 0, 0, 0, 0, 0, 0, 0, 0, 0, 0, 0, 0, 0, 0, 0, 0, 0, 0, 0, 0, 0, 0, 0, 0, 0, 0, 0, 0]",
5,ingeborgR,45,marathon,hxthhttthhhhhtttttttththhtthhxtthhhthhhhthhhtttttttththhhtttttthhhtttthhhhhhhhhhttthtuutthhhhhththththhh,hxthhttthhhhhtttttttththhthhhxtthhhthhhhthhhttttxttthtthhtttttthhhtttthhhhhhhhhhtxththttthhhhhththththhh,hxthhttthhhhhtttttttththhtthhxtthhhthhhhthhhtttttttththhhtttttthhhtttthhhhhhhhhhttthtuutthhhhhththththhh,hthhttthhhhhtttttttththhtthhtthhhthhhhthhhtttttttththhhtttttthhhtttthhhhhhhhhhttthttthhhhhththththhh,hthhttthhhhhtttttttththhthhhtthhhthhhhthhhttttttthtthhtttttthhhtttthhhhhhhhhhtththttthhhhhththththhh,0,"[0, 0, 0, 0, 0, 0, 0, 0, 0, 0, 0, 0, 0, 0, 0, 0, 0, 0, 0, 0, 0, 0, 0, 0, 0, 1, 0, 0, 0, 0, 0, 0, 0, 0, 0, 0, 0, 0, 0, 0, 0, 0, 0, 0, 0, 0, 0, 0, 0, 1, 1, 0, 0, 0, 1, 0, 0, 0, 0, 0, 1, 0, 0, 1, 0, 0, 0, 1, 0, 0, 0, 0, 0, 0, 0, 0, 0, 1, 0, 1, 0, 0, 0, 0, 0, 0, 0, 0, 0, 0, 0, 0, 0, 0, 0, 0, 0, 0, 0, 0]","[0, 0, 0, 0, 0, 0, 0, 0, 0, 0, 0, 0, 0, 0, 0, 0, 0, 0, 0, 0, 0, 0, 0, 0, 0, 1, 0, 0, 0, 0, 0, 0, 0, 0, 0, 0, 0, 0, 0, 0, 0, 0, 0, 0, 0, 0, 0, 0, 0, 0, 0, 0, 1, 0, 0, 0, 0, 0, 0, 0, 0, 0, 0, 0, 0, 0, 0, 0, 0, 0, 0, 0, 0, 0, 0, 0, 0, 0, 0, 0, 0, 0, 0, 0, 0, 0, 0, 0, 0, 0, 0, 0, 0, 0, 0, 0, 0, 0, 0, 0, 0]",
6,madlenH,22,marathon,httthhthhttttttttttthxhththhthhhxhthhhhhhhthhhhhhttthhxthxtthtttththhthhhhhhtthhtththhhthhhhhhxhhhthtthhhh,xttthhthhttttttttxttthxhththhthhhxhthhhhhhhthhhhhhttthhxthxtthtttththhthhhhhhtthhtththhhthhhhhhxhhxhthtxthhhh,thhhtthtthhhhhhhhhhhtxththtthtttxthttttttthtttttthhhttxhtxhhthhhhthtthtttttthhtthhthttthttttttxttththhtttt,thhhtthtthhhhhhhhhhhtththtthtttthttttttthtttttthhhtththhthhhhthtthtttttthhtthhthttthttttttttththhtttt,ttthhthhttttttttttthhththhthhhhthhhhhhhthhhhhhttthhthtthtttththhthhhhhhtthhtththhhthhhhhhhhhthtthhhh,0,"[0, 1, 1, 0, 1, 0, 0, 1, 0, 1, 1, 1, 1, 1, 1, 1, 1, 1, 1, 0, 1, 0, 0, 0, 0, 1, 0, 0, 1, 1, 1, 0, 0, 1, 1, 1, 1, 1, 1, 0, 0, 1, 1, 1, 1, 1, 0, 1, 1, 0, 1, 0, 0, 0, 1, 0, 0, 1, 1, 1, 0, 0, 0, 1, 0, 0, 1, 1, 1, 1, 1, 0, 1, 0, 1, 0, 1, 0, 0, 0, 1, 1, 0, 0, 1, 1, 1, 1, 1, 1, 1, 1, 0, 0, 0, 1, 0, 1, 1, 1]","[0, 1, 1, 0, 1, 0, 0, 1, 0, 1, 1, 1, 1, 1, 1, 1, 1, 1, 1, 0, 1, 0, 0, 0, 0, 1, 0, 0, 1, 1, 1, 0, 0, 1, 1, 1, 1, 1, 1, 0, 0, 1, 1, 1, 1, 1, 0, 1, 1, 0, 1, 0, 0, 0, 1, 0, 0, 1, 1, 1, 0, 0, 0, 1, 0, 0, 1, 1, 1, 1, 1, 0, 1, 0, 1, 0, 1, 0, 0, 0, 1, 1, 0, 0, 1, 1, 1, 1, 1, 1, 1, 1, 0, 0, 0, 1, 0, 0, 1, 1, 1]",x
7,henrikG,51,marathon,hthhtthhhttthttthththhhthhttthhhttthhhtththhttthhthhttttthhtthttththththttttthhhtthtthhhhttxthhttttth,thtthhttthhhthhhththttthtthhhttthhhttthhthtthhhtthtthhhhhtthhthhhxhthththhhhhttthhthhtttthhxhtthhhhht,thtthhttthhhthhhththttthtthhhttthhhttthhthtthhhtthtthhhhhtthhthhhththththhhhhttthhthhtttthhxhtthhhhht,thtthhttthhhthhhththttthtthhhttthhhttthhthtthhhtthtthhhhhtthhthhhththththhhhhttthhthhtttthhhtthhhhht,thtthhttthhhthhhththttthtthhhttthhhttthhthtthhhtthtthhhhhtthhthhhhthththhhhhttthhthhtttthhhtthhhhht,0,"[0, 0, 0, 0, 0, 0, 0, 0, 0, 0, 0, 0, 0, 0, 0, 0, 0, 0, 0, 0, 0, 0, 0, 0, 0, 0, 0, 0, 0, 0, 0, 0, 0, 0, 0, 0, 0, 0, 0, 0, 0, 0, 0, 0, 0, 0, 0, 0, 0, 0, 0, 0, 0, 0, 0, 0, 0, 0, 0, 0, 0, 0, 0, 0, 0, 1, 1, 1, 1, 1, 1, 1, 0, 0, 0, 0, 1, 0, 0, 1, 0, 1, 1, 0, 1, 0, 0, 0, 1, 0, 0, 1, 0, 1, 0, 0, 0, 0, 1]","[0, 0, 0, 0, 0, 0, 0, 0, 0, 0, 0, 0, 0, 0, 0, 0, 0, 0, 0, 0, 0, 0, 0, 0, 0, 0, 0, 0, 0, 0, 0, 0, 0, 0, 0, 0, 0, 0, 0, 0, 0, 0, 0, 0, 0, 0, 0, 0, 0, 0, 0, 0, 0, 0, 0, 0, 0, 0, 0, 0, 0, 0, 0, 0, 0, 0, 0, 0, 0, 0, 0, 0, 0, 0, 0, 0, 0, 0, 0, 0, 0, 0, 0, 0, 0, 0, 0, 0, 0, 0, 0, 0, 0, 0, 0, 0, 0, 0, 0, 0]",
8,adamF,12,marathon,htttxhthxththtthhththtthtthtthhthhthhhthuhuhhtttuutxxthhhhhttthttththxttxhhhttttthuuuuuuhuuxtxttttththtt,htttxthhxththtthhththtthtththhhthhthhtththhhhhtttthtxthhhhhttthttththxttxhhhttttthttttttthhtxtxthththt,htttxhthxththtthhththtthtthtthhthhthhhthuhuhhtttuutxxthhhhhttthttththxttxhhhttttthuuuuuuhuuxtxttttththtt,httththththtthhththtthtthtthhthhthhhthhhhttttthhhhhttthttththtthhhttttthhtttttththtt,htttthhththtthhththtthtththhhthhthhtththhhhhtttthtthhhhhttthttththtthhhttttthttttttthhttthththt,0,"[0, 0, 0, 0, 1, 1, 0, 0, 0, 0, 0, 0, 0, 0, 0, 0, 0, 0, 0, 0, 0, 0, 0, 0, 0, 0, 1, 0, 0, 0, 0, 0, 0, 0, 0, 1, 0, 0, 1, 0, 0, 1, 1, 1, 0, 0, 1, 1, 0, 1, 1, 1, 1, 1, 0, 1, 0, 0, 1, 1, 1, 0, 0, 0, 1, 0, 0, 0, 1, 1, 1, 1, 1, 0, 0, 0, 1, 0, 0, 1, 0, 1, 0, 0]","[0, 0, 0, 0, 1, 1, 0, 0, 0, 0, 0, 0, 0, 0, 0, 0, 0, 0, 0, 0, 0, 0, 0, 0, 0, 0, 1, 0, 0, 0, 0, 0, 0, 0, 0, 0, 0, 0, 0, 0, 0, 0, 0, 0, 0, 0, 0, 0, 0, 0, 0, 0, 0, 0, 0, 0, 0, 0, 0, 0, 0, 0, 0, 0, 0, 0, 0, 0, 0, 0, 0, 0, 0, 0, 0, 0, 0, 0, 0, 0, 1, 0, 0, 0, 0, 0, 0, 0, 0, 0, 0, 0, 0, 0, 0]",
9,jillR,36,marathon,htttthhttthtttththththtxththhtthhhhththhuthhhthttttthhhhttththttxthtththhthhxhhtttthxhxhthhththhhhttthhth,htttthhttthtttththththtxththhtthhhhththhxthhhthttttthhhhttthtxhttxthtththhthhxhhtttthxhxhthhththhhhttthhth,htttthhttthtttththththtxththhtthhhhththhuthhhthttttthhhhttththttxthtththhthhxhhtttthxhxhthhththhhhttthhth,htttthhttthtttththththtththhtthhhhththhthhhthttttthhhhttththttthtththhthhhhtttthhhthhththhhhttthhth,htttthhttthtttththththtththhtthhhhththhthhhthttttthhhhttththttthtththhthhhhtttthhhthhththhhhttthhth,1,"[0, 0, 0, 0, 0, 0, 0, 0, 0, 0, 0, 0, 0, 0, 0, 0, 0, 0, 0, 0, 0, 0, 0, 0, 0, 0, 0, 0, 0, 0, 0, 0, 0, 0, 0, 0, 0, 0, 0, 0, 0, 0, 0, 0, 0, 0, 0, 0, 0, 0, 0, 0, 0, 0, 0, 0, 0, 0, 0, 0, 0, 0, 0, 0, 0, 0, 0, 0, 0, 0, 0, 0, 0, 0, 0, 0, 0, 0, 0, 0, 0, 0, 0, 0, 0, 0, 0, 0, 0, 0, 0, 0, 0, 0, 0, 0, 0, 0, 0]","[0, 0, 0, 0, 0, 0, 0, 0, 0, 0, 0, 0, 0, 0, 0, 0, 0, 0, 0, 0, 0, 0, 0, 0, 0, 0, 0, 0, 0, 0, 0, 0, 0, 0, 0, 0, 0, 0, 0, 0, 0, 0, 0, 0, 0, 0, 0, 0, 0, 0, 0, 0, 0, 0, 0, 0, 0, 0, 0, 0, 0, 0, 0, 0, 0, 0, 0, 0, 0, 0, 0, 0, 0, 0, 0, 0, 0, 0, 0, 0, 0, 0, 0, 0, 0, 0, 0, 0, 0, 0, 0, 0, 0, 0, 0, 0, 0, 0, 0]",
10,pierreG,8,bachelor,hthtthuhttththhttthhtttttthttuhhtththttuhthttthhththtthththtttuthhtthhttuhuttthhhhhhhhthtthtuhhhhhutthhttthuh,hthtthxhttththhttthhtttttthttxhhtththttxhthttthhththtthththtttxthhtthhttxhxttthhhhhhhhthtthtxhhhhhxtthhttthxh,hthtthuhttththhttthhtttttthttuhhtththttuhthttthhththtthththtttuthhtthhttuhuttthhhhhhhhthtthtuhhhhhutthhttthuh,hthtthhttththhttthhtttttthtthhtththtththttthhththtthththtttthhtthhtthttthhhhhhhhthtththhhhhtthhttthh,hthtthhttththhttthhtttttthtthhtththtththttthhththtthththtttthhtthhtthttthhhhhhhhthtththhhhhtthhttthh,1,"[0, 0, 0, 0, 0, 0, 0, 0, 0, 0, 0, 0, 0, 0, 0, 0, 0, 0, 0, 0, 0, 0, 0, 0, 0, 0, 0, 0, 0, 0, 0, 0, 0, 0, 0, 0, 0, 0, 0, 0, 0, 0, 0, 0, 0, 0, 0, 0, 0, 0, 0, 0, 0, 0, 0, 0, 0, 0, 0, 0, 0, 0, 0, 0, 0, 0, 0, 0, 0, 0, 0, 0, 0, 0, 0, 0, 0, 0, 0, 0, 0, 0, 0, 0, 0, 0, 0, 0, 0, 0, 0, 0, 0, 0, 0, 0, 0, 0, 0, 0]","[0, 0, 0, 0, 0, 0, 0, 0, 0, 0, 0, 0, 0, 0, 0, 0, 0, 0, 0, 0, 0, 0, 0, 0, 0, 0, 0, 0, 0, 0, 0, 0, 0, 0, 0, 0, 0, 0, 0, 0, 0, 0, 0, 0, 0, 0, 0, 0, 0, 0, 0, 0, 0, 0, 0, 0, 0, 0, 0, 0, 0, 0, 0, 0, 0, 0, 0, 0, 0, 0, 0, 0, 0, 0, 0, 0, 0, 0, 0, 0, 0, 0, 0, 0, 0, 0, 0, 0, 0, 0, 0, 0, 0, 0, 0, 0, 0, 0, 0, 0]",
11,amirS,28,bachelor,ttthuhhttuhtuthuttuttututtthtthuhhthhhhthhhhthhutthttuttthtthhthhhhtutttthhthhuuhhhtthttutthttuthhhtutttttttuthttuht,hhhtxthhxthxhtxhhhhhxhxhhhthhthxtthtttthtttthttxhhthhxhhhthhtthtttxhxxhhhxtthttxxxttthhthhxhhthhhxhtthhhxthxhhhhxhhxhthhxth,hhhtutthhuthuhtuhhuhhuhuhhhthhtutthtttthtttthttuhhthhuhhhthhtthtttthuhhhhtthttuuttthhthhuhhthhuhttthuhhhhhhhuhthhuth,hhhttthhthhthhhhhhhhthhttthtttthtttthtthhthhhhhthhtthtttthhhhhtthttttthhthhhhthhhttthhhhhhhhhthhth,hhhtthhthhthhhhhhhhhthhthtthtttthtttthtthhthhhhhthhtthttthhhhtthttttthhthhhhthhhhtthhhthhhhhhhhthhth,0,"[0, 0, 0, 0, 0, 1, 0, 1, 1, 0, 1, 1, 0, 0, 0, 0, 0, 0, 0, 0, 0, 0, 0, 0, 1, 0, 1, 1, 0, 0, 0, 1, 1, 0, 0, 0, 1, 1, 0, 1, 0, 1, 1, 0, 0, 0, 0, 1, 1, 0, 1, 0, 1, 1, 0, 0, 0, 0, 0, 0, 0, 1, 0, 1, 1, 0, 0, 0, 0, 1, 0, 1, 1, 0, 0, 0, 1, 1, 0, 0, 0, 0, 0, 1, 0, 0, 1, 0, 0, 0, 0, 0, 0, 1, 0, 1, 1, 0]","[0, 0, 0, 0, 0, 1, 0, 1, 1, 0, 1, 1, 0, 0, 0, 0, 0, 0, 0, 0, 0, 0, 0, 0, 0, 0, 0, 0, 0, 0, 0, 0, 0, 0, 0, 0, 0, 0, 0, 0, 0, 0, 0, 0, 0, 0, 0, 0, 0, 0, 0, 0, 0, 0, 0, 0, 0, 0, 0, 0, 0, 0, 0, 0, 0, 0, 0, 0, 0, 0, 0, 0, 0, 0, 0, 0, 0, 0, 0, 0, 0, 0, 0, 0, 0, 0, 1, 0, 0, 0, 0, 0, 0, 0, 0, 0, 0, 0, 0, 0, 0, 0]",
12,davidV,52,bachelor,hthhtththtttthhttththtththhthtttuhhthtththhthtuhththhhthththttthhthhththhhttttththhhhhttttththhhthtttttt,hthhtththtttthhttththtththhthttthhthtththhththththhhthththttthhthhththhhttttththhhhhttttththhhthtttttt,hthhtththtttthhttththtththhthtttuhhthtththhthtuhththhhthththttthhthhththhhttttththhhhhttttththhhthtttttt,hthhtththtttthhttththtththhthttthhthtththhththththhhthththttthhthhththhhttttththhhhhttttththhhthtttttt,hthhtththtttthhttththtththhthttthhthtththhththththhhthththttthhthhththhhttttththhhhhttttththhhthtttttt,1,"[0, 0, 0, 0, 0, 0, 0, 0, 0, 0, 0, 0, 0, 0, 0, 0, 0, 0, 0, 0, 0, 0, 0, 0, 0, 0, 0, 0, 0, 0, 0, 0, 0, 0, 0, 0, 0, 0, 0, 0, 0, 0, 0, 0, 0, 0, 0, 0, 0, 0, 0, 0, 0, 0, 0, 0, 0, 0, 0, 0, 0, 0, 0, 0, 0, 0, 0, 0, 0, 0, 0, 0, 0, 0, 0, 0, 0, 0, 0, 0, 0, 0, 0, 0, 0, 0, 0, 0, 0, 0, 0, 0, 0, 0, 0, 0, 0, 0, 0, 0, 0, 0]","[0, 0, 0, 0, 0, 0, 0, 0, 0, 0, 0, 0, 0, 0, 0, 0, 0, 0, 0, 0, 0, 0, 0, 0, 0, 0, 0, 0, 0, 0, 0, 0, 0, 0, 0, 0, 0, 0, 0, 0, 0, 0, 0, 0, 0, 0, 0, 0, 0, 0, 0, 0, 0, 0, 0, 0, 0, 0, 0, 0, 0, 0, 0, 0, 0, 0, 0, 0, 0, 0, 0, 0, 0, 0, 0, 0, 0, 0, 0, 0, 0, 0, 0, 0, 0, 0, 0, 0, 0, 0, 0, 0, 0, 0, 0, 0, 0, 0, 0, 0, 0, 0]",
13,kaleemU,25,bachelor,huuhtthhhhthhhtttuhhththhhthttttututthhttttututhtthhtuuthhuuththhhhttuhhutththhthhttttthtuttthhhhuththuthhtttttthhtttuhuhth,hxxhthhhhthhhtthhththhhtxxhhttttxtxtthhttttxtxththxtxtxthhxxththhttxhhxtththhxhhtttthtxttthhhhxththxhhhttxtthhtttxhxhthxhtxxt,huuhtthhhhthhhtttuhhththhhthttttututthhttttututhtthhtuuthhuuththhhhttuhhutththhthhttttthtuttthhhhuththuthhtttttthhtttuhuhth,hhtthhhhthhhttthhththhhthttttttthhtttttthtthhtthhththhhhtthhtththhthhttttthtttthhhhthththhtttttthhttthhth,hhthhhhthhhtthhththhhthhttttttthhtttttththttthhththhtthhtththhhhtttthtttthhhhththhhhtttthhttthhthhtt,0,"[0, 0, 0, 1, 0, 0, 0, 1, 1, 0, 0, 1, 0, 1, 1, 1, 0, 0, 0, 1, 0, 1, 0, 1, 1, 0, 0, 0, 0, 0, 0, 1, 0, 1, 0, 0, 0, 0, 0, 1, 1, 1, 0, 1, 1, 1, 1, 1, 0, 0, 0, 1, 1, 1, 0, 0, 0, 0, 0, 1, 1, 1, 0, 1, 1, 1, 0, 1, 0, 0, 0, 0, 0, 1, 0, 1, 1, 0, 1, 1, 0, 0, 0, 1, 1, 0, 1, 0, 0, 0, 0, 0, 0, 1, 1, 0, 0, 0, 0, 0]","[0, 0, 0, 0, 0, 0, 0, 0, 0, 0, 0, 0, 0, 0, 0, 0, 0, 0, 0, 0, 0, 0, 0, 0, 0, 1, 0, 0, 0, 0, 0, 0, 1, 0, 1, 0, 0, 0, 0, 0, 1, 1, 0, 0, 1, 0, 0, 0, 0, 0, 0, 0, 0, 0, 0, 0, 0, 0, 0, 0, 0, 0, 0, 0, 0, 0, 0, 0, 0, 0, 0, 0, 0, 0, 0, 0, 0, 0, 0, 0, 0, 0, 0, 0, 0, 0, 0, 1, 0, 0, 0, 0, 0, 0, 0, 1, 0, 1, 1, 1, 1, 0, 0, 0, 0, 1]",x
14,davidKL,147,bachelor,thuhthuhhhtttthtttttthttththhtthhhtthtthtthhttthththttthtthttthhtthhthhttthttthhhthtththhhhhhtthhhthtt,hhhthhhhtththtttttthttththhtthhhtthtthtthhttthththttthtthttthhtthhthhttthttthhhthtththhhhhhtthhhthtt,htuthtuttthhhhthhhhhhthhhthtthhttthhthhthhtthhhthththhhthhthhhtthhtthtthhhthhhttththhthtttttthhttththh,htthtttthhhhthhhhhhthhhthtthhttthhthhthhtthhhthththhhthhthhhtthhtthtthhhthhhttththhthtttttthhttththh,hhhthhhhtththtttttthttththhtthhhtthtthtthhttthththttthtthttthhtthhthhttthttthhhthtththhhhhhtthhhthtt,0,"[0, 1, 1, 1, 1, 1, 1, 1, 1, 1, 0, 1, 1, 1, 1, 1, 1, 1, 1, 1, 1, 1, 1, 1, 1, 1, 1, 1, 1, 1, 1, 1, 1, 1, 1, 1, 1, 1, 1, 1, 1, 1, 1, 1, 1, 1, 1, 1, 1, 1, 1, 1, 1, 1, 1, 1, 1, 1, 1, 1, 1, 1, 1, 1, 1, 1, 1, 1, 1, 1, 1, 1, 1, 1, 1, 1, 1, 1, 1, 1, 1, 1, 1, 1, 1, 1, 1, 1, 1, 1, 1, 1, 1, 1, 1, 1, 1, 1, 1, 1]","[0, 0, 0, 0, 1, 0, 1, 1, 0, 0, 0, 1, 0, 1, 0, 1, 1, 1, 1, 0, 1, 0, 1, 0, 1, 1, 0, 0, 0, 0, 0, 1, 0, 0, 0, 1, 0, 0, 1, 0, 0, 0, 0, 0, 1, 0, 1, 1, 1, 1, 1, 0, 1, 0, 1, 0, 0, 1, 0, 1, 0, 0, 0, 0, 0, 0, 0, 1, 0, 0, 0, 1, 0, 1, 0, 1, 0, 0, 0, 1, 0, 0, 0, 1, 0, 0, 0, 1, 1, 1, 1, 1, 0, 1, 0, 1, 1, 0, 0, 0, 0, 1]",x
15,frantisekB,51,marathon,uthhtthhhhhhthththhhthttthhthththhuhhhhhhththhhthhthhhtttttththttthhhhhthhttttthtthtththhhtuthttthhtth,htxthhtttttthththttththhhtththtthttxttttxththttthtthttthhhhhhthththhhttttthththhhhhthhthhthttthxttthhhtt,uhtthhtttttthththttththhhtthththttutttttththttthtthttthhhhhhththhhttttthtthhhhhthhthhthttthuhthhhtthht,htthhtttttthththttththhhtthththtttttttththttthtthttthhhhhhththhhttttthtthhhhhthhthhthttthhthhhtthht,htthhtttttthththttththhhtththtthttttttththttthtthttthhhhhhthththhhttttthththhhhhthhthhthttthttthhhtt,0,"[0, 0, 0, 0, 0, 0, 0, 0, 0, 0, 0, 0, 0, 0, 0, 0, 0, 0, 0, 0, 0, 0, 0, 0, 0, 0, 0, 0, 0, 0, 1, 1, 0, 0, 0, 0, 0, 0, 0, 0, 0, 0, 0, 0, 0, 0, 0, 0, 0, 0, 0, 0, 0, 0, 0, 0, 0, 0, 0, 0, 0, 0, 1, 0, 1, 1, 0, 0, 0, 1, 0, 1, 1, 0, 1, 0, 0, 1, 0, 0, 0, 0, 0, 0, 0, 1, 0, 1, 1, 1, 0, 0, 1, 1, 0, 1, 0, 0, 0]","[0, 0, 0, 0, 0, 0, 0, 0, 0, 0, 0, 0, 0, 0, 0, 0, 0, 0, 0, 0, 0, 0, 0, 0, 0, 0, 0, 0, 0, 0, 1, 1, 0, 0, 0, 0, 0, 0, 0, 0, 0, 0, 0, 0, 0, 0, 0, 0, 0, 0, 0, 0, 0, 0, 0, 0, 0, 0, 0, 0, 0, 0, 0, 0, 0, 0, 0, 0, 0, 0, 0, 0, 0, 0, 0, 0, 0, 0, 0, 0, 0, 0, 0, 0, 0, 0, 0, 0, 0, 0, 0, 0, 1, 0, 1, 0, 0, 0, 0, 0, 1, 0]",
16,alexandraS,23,marathon,hhhthtttthtttthhthhthhhhttththtthtthhthtthththhhhhhthttttthtthhthhthhhhhhhhtthhhhuthhtthhhttttthhhtttutttht,hxxhthtxhhthxthttxhthhhhxthhthhtthhhxhthxxhhththxttthhhtthhtthttthhxtttthhthhhttthhttthhhhtxhhtttthhxtthxhhhhxthtxhh,hhhthtttthtttthhthhthhhhttththtthtthhthtthththhhhhhthttttthtthhthhthhhhhhhhtthhhhuthhtthhhttttthhhtttutttht,hhhthtttthtttthhthhthhhhttththtthtthhthtthththhhhhhthttttthtthhthhthhhhhhhhtthhhhthhtthhhttttthhhttttttht,hhththhththtththhhhthhthhtthhhhthhhththttthhhtthhtthttthhtttthhthhhttthhttthhhhthhtttthhtthhhhhththh,0,"[0, 0, 1, 1, 1, 1, 1, 0, 1, 1, 1, 0, 0, 1, 1, 0, 1, 0, 0, 0, 0, 0, 1, 0, 1, 0, 0, 0, 1, 0, 1, 0, 0, 1, 1, 1, 0, 0, 0, 0, 0, 1, 1, 0, 1, 1, 1, 0, 0, 1, 1, 1, 1, 0, 0, 1, 1, 0, 1, 0, 0, 0, 0, 0, 0, 0, 1, 1, 1, 1, 0, 0, 1, 1, 1, 1, 1, 0, 0, 1, 0, 1, 1, 1, 0, 0, 0, 0, 1, 0, 1, 1, 1, 1, 0, 1, 0, 0, 1, 1]","[0, 0, 0, 0, 0, 0, 1, 1, 0, 0, 0, 1, 0, 0, 0, 0, 0, 0, 0, 1, 0, 1, 0, 0, 0, 1, 1, 1, 0, 0, 1, 1, 0, 0, 1, 0, 0, 0, 0, 0, 0, 0, 0, 1, 0, 0, 0, 0, 1, 1, 0, 1, 1, 0, 1, 0, 0, 0, 0, 1, 0, 1, 1, 0, 0, 0, 0, 0, 0, 0, 1, 1, 1, 0, 0, 0, 0, 0, 1, 0, 0, 0, 0, 0, 0, 1, 0, 1, 1, 0, 0, 1, 1, 0, 1, 0, 0, 1, 1, 1, 0, 1, 0, 0, 1]",x
17,madlenH,1,marathon,uuhtuthhhhhhhthhutththhttuthhhtttttttthtttthhtttuttthhhttttuuuhttuthtttuttthhhhttthhtuthththhttuththhhtthuhutthhttttthuhhhthhttu,ttthxhttttttthttxhthtthxxhtttxhhhxhhhthhhhtthhhxhhxxttthhhhxxthhxhthhhxhhhttxthhhtxthxhttthtthhxhthtttxhhtxtxhhtxhhhhhtxtt,uuthuhttttttthttuhhthtthhuhttthhhhhhhhthhhhtthhhuhhhttthhhhuuuthhuhthhhuhhhtttthhhtthuhththtthhuhthttthhtutuhhtthhhhhtuttthtthhu,thhttttttthtthhthtthhhttthhhhhhhhthhhhtthhhhhhttthhhhthhhthhhhhhtttthhhtthhththtthhhthttthhtthhtthhhhhtttthtthh,ttthhttttttthtththtthhttthhhhhhthhhhtthhhhhttthhhhthhhthhhhhhttthhhtthhttthtthhhthttthhtthhthhhhhttt,0,"[0, 1, 1, 1, 1, 0, 0, 0, 0, 0, 1, 0, 1, 1, 1, 1, 1, 1, 0, 1, 0, 0, 0, 0, 0, 0, 0, 0, 0, 0, 0, 1, 0, 1, 0, 0, 1, 1, 1, 1, 0, 0, 0, 1, 1, 1, 1, 1, 1, 0, 1, 0, 0, 1, 1, 0, 0, 1, 0, 0, 0, 1, 1, 1, 1, 1, 1, 0, 1, 0, 0, 0, 0, 1, 0, 0, 1, 1, 0, 1, 0, 0, 1, 1, 0, 0, 1, 0, 0, 0, 0, 0, 1, 0, 0, 1, 1, 1, 1, 1]","[0, 0, 1, 0, 1, 1, 0, 0, 0, 0, 1, 0, 0, 0, 1, 0, 0, 0, 1, 1, 1, 0, 1, 0, 0, 0, 1, 0, 0, 0, 0, 0, 0, 0, 0, 0, 0, 0, 0, 0, 0, 0, 0, 0, 0, 0, 0, 0, 0, 0, 0, 0, 0, 0, 0, 0, 0, 0, 0, 0, 0, 0, 0, 0, 0, 0, 0, 0, 0, 0, 0, 0, 0, 0, 0, 0, 1, 0, 0, 0, 0, 0, 0, 0, 0, 0, 0, 0, 0, 0, 0, 0, 0, 0, 0, 0, 0, 0, 0, 0, 0, 0, 0, 0, 0, 0, 0, 0, 0, 0, 0]",x
18,henrikG,29,marathon,httthtththhhhththhhtththhhttthttththhthtthtthhtttththtthhhthtttttttthhhhhtttttthhthtthhhhthtttth,hthtthtththhhhththhhtththhhttthttththhthttttthhtttththtthhhthttttxttxthhhhhttttttxhhthtthhhhhthtttthhhh,httthtththhhhththhhtththhhttthttththhthtthtthhtttththtthhhthtttttttthhhhhtttttthhthtthhhhthtttth,httthtththhhhththhhtththhhttthttththhthtthtthhtttththtthhhthtttttttthhhhhtttttthhthtthhhhthtttth,hthtthtththhhhththhhtththhhttthttththhthttttthhtttththtthhhthttttttthhhhhtttttthhthtthhhhhthtttthhhh,0,"[0, 0, 1, 0, 1, 1, 0, 1, 1, 1, 0, 0, 0, 1, 1, 1, 1, 0, 0, 1, 0, 1, 1, 1, 0, 0, 1, 0, 0, 1, 1, 0, 0, 1, 1, 1, 0, 1, 1, 1, 0, 1, 0, 0, 1, 0, 1, 0, 0, 0, 1, 1, 1, 1, 0, 1, 0, 0, 1, 1, 1, 0, 0, 0, 0, 0, 0, 0, 0, 0, 0, 0, 0, 0, 0, 0, 0, 0, 0, 0, 0, 0, 0, 0, 0, 0, 0, 0, 0, 1, 1, 1, 0, 0, 0, 1]","[0, 0, 0, 0, 0, 0, 0, 0, 0, 0, 0, 0, 0, 0, 0, 0, 0, 0, 0, 0, 0, 0, 0, 0, 0, 0, 0, 0, 0, 0, 0, 0, 0, 0, 0, 0, 0, 0, 0, 0, 0, 0, 1, 0, 0, 0, 0, 0, 0, 0, 0, 0, 0, 0, 0, 0, 0, 0, 0, 0, 0, 0, 0, 0, 0, 0, 0, 0, 0, 0, 0, 0, 0, 0, 0, 0, 0, 0, 0, 0, 0, 0, 0, 0, 0, 0, 0, 0, 0, 0, 0, 0, 0, 0, 0, 0, 0, 0, 0, 0, 0]",
19,jillR,3,marathon,hhthttthhhhhtuhhhhhtttutthtthhhhhuthththttttthththhttttttuthhthuuhuttttththuuuhhhhutthttttuhtuthuhth,hhthttthhhhhtxhhhhhttttthtthhhhhhthttthttxtthththhttttttxthhthxxhxttttthtxhxxxhhhtxtthttxttxhtxthxhthttthhhhhhtt,hhthttthhhhhtuhhhhhtttutthtthhhhhuthththttttthththhttttttuthhthuuhuttttththuuuhhhhutthttttuhtuthuhth,hhthttthhhhhthhhhhttttthtthhhhhthththttttthththhttttttthhthhttttththhhhhtthtttthtthhth,hhthttthhhhhthhhhhttttthtthhhhhhthttthtttthththhttttttthhthhttttththhhhttthtttthtthhthttthhhhhhtt,0,"[0, 0, 0, 0, 0, 0, 0, 0, 0, 0, 0, 0, 0, 0, 0, 0, 0, 0, 0, 0, 0, 0, 0, 0, 0, 0, 0, 0, 0, 0, 0, 1, 1, 1, 1, 0, 1, 1, 0, 0, 0, 0, 0, 0, 0, 0, 0, 0, 0, 0, 0, 0, 0, 0, 0, 0, 0, 0, 0, 0, 0, 0, 0, 0, 0, 0, 0, 0, 0, 0, 0, 1, 0, 0, 0, 0, 0, 0, 0, 0, 0, 0, 0, 0, 0, 0]","[0, 0, 0, 0, 0, 0, 0, 0, 0, 0, 0, 0, 0, 0, 0, 0, 0, 0, 0, 0, 0, 0, 0, 0, 0, 0, 0, 0, 0, 0, 0, 1, 1, 1, 1, 0, 1, 1, 0, 0, 0, 0, 0, 0, 0, 0, 0, 0, 0, 0, 0, 0, 0, 0, 0, 0, 0, 0, 0, 0, 0, 0, 0, 0, 0, 0, 0, 0, 0, 0, 0, 1, 0, 0, 0, 0, 0, 0, 0, 0, 0, 0, 0, 0, 0, 0, 0, 0, 0, 0, 0, 0, 0, 0, 0, 0, 0]",
20,pierreG,141,bachelor,ttthtthhhttththhhtththhhhhthhtththhhtththththththxthhhhhthhthhhhhhhthhhhhthhhtthhtttxthththhththhhttth,ttthtthhhttththhhtththhhhhthhtththhhtththththththxthhhhhthhthhhhhhhthhhhhthhhtthhtttxthththhththhhttth,ttthtthhhttththhhtththhhhhthhtththhhtththththththxthhhhhthhthhhhhhhthhhhhthhhtthhtttxthththhththhhttth,ttthtthhhttththhhtththhhhhthhtththhhtthththththththhhhhthhthhhhhhhthhhhhthhhtthhtttthththhththhhttth,ttthtthhhttththhhtththhhhhthhtththhhtthththththththhhhhthhthhhhhhhthhhhhthhhtthhtttthththhththhhttth,1,"[0, 0, 0, 0, 0, 0, 0, 0, 0, 0, 0, 0, 0, 0, 0, 0, 0, 0, 0, 0, 0, 0, 0, 0, 0, 0, 0, 0, 0, 0, 0, 0, 0, 0, 0, 0, 0, 0, 0, 0, 0, 0, 0, 0, 0, 0, 0, 0, 0, 0, 0, 0, 0, 0, 0, 0, 0, 0, 0, 0, 0, 0, 0, 0, 0, 0, 0, 0, 0, 0, 0, 0, 0, 0, 0, 0, 0, 0, 0, 0, 0, 0, 0, 0, 0, 0, 0, 0, 0, 0, 0, 0, 0, 0, 0, 0, 0, 0, 0, 0]","[0, 0, 0, 0, 0, 0, 0, 0, 0, 0, 0, 0, 0, 0, 0, 0, 0, 0, 0, 0, 0, 0, 0, 0, 0, 0, 0, 0, 0, 0, 0, 0, 0, 0, 0, 0, 0, 0, 0, 0, 0, 0, 0, 0, 0, 0, 0, 0, 0, 0, 0, 0, 0, 0, 0, 0, 0, 0, 0, 0, 0, 0, 0, 0, 0, 0, 0, 0, 0, 0, 0, 0, 0, 0, 0, 0, 0, 0, 0, 0, 0, 0, 0, 0, 0, 0, 0, 0, 0, 0, 0, 0, 0, 0, 0, 0, 0, 0, 0, 0]",
21,amirS,104,bachelor,txtthththtthttxxhhhhtthhxthhhhtttthhhhhthtththxhxxhxtttthhxthtttthhhhxtttthttthhhthhththhhxxhtxhxtthttththhtttht,htxtthththtthttxxhhhhtthhxthhhhtttthhhhhthtththxhxhhxtttthhxthtttthhhhxtttthttthhhthhththhhxxhtxhxtthttththhtttht,hxhhthththhthhxxtttthhttxhtttthhhhttttththhthtxtxxtxhhhhttxhthhhhttttxhhhhthhhttthtththtttxxthxtxhhthhhthtthhhth,hhhthththhthhtttthhtthtttthhhhttttththhthttthhhhtththhhhtttthhhhthhhttthtththtttththhthhhthtthhhth,httthththtthtthhhhtthhthhhhtttthhhhhthtththhhhtttthhthtttthhhhtttthttthhhthhththhhhthtthttththhtttht,0,"[0, 1, 1, 0, 0, 0, 0, 0, 0, 1, 0, 0, 1, 0, 1, 1, 1, 0, 1, 0, 1, 0, 0, 1, 1, 1, 0, 1, 1, 1, 0, 1, 1, 1, 1, 0, 0, 0, 1, 0, 0, 0, 1, 1, 0, 0, 1, 1, 0, 0, 0, 1, 1, 0, 1, 1, 0, 0, 1, 1, 0, 0, 1, 1, 0, 1, 0, 1, 0, 0, 1, 0, 1, 0, 0, 1, 1, 1, 0, 1, 1, 0, 1, 1, 0, 0, 1, 0, 1, 0, 1, 1, 0, 0, 0, 1, 0, 1]","[0, 1, 1, 0, 0, 0, 0, 0, 0, 0, 0, 1, 0, 0, 0, 1, 1, 0, 0, 0, 0, 0, 0, 0, 1, 0, 0, 0, 0, 0, 0, 0, 0, 0, 1, 0, 1, 0, 0, 0, 0, 0, 0, 0, 0, 0, 0, 0, 0, 0, 0, 1, 0, 0, 0, 1, 0, 0, 0, 0, 0, 0, 0, 0, 0, 0, 0, 1, 1, 0, 0, 0, 0, 0, 0, 0, 0, 1, 0, 0, 0, 0, 1, 1, 1, 0, 0, 0, 1, 0, 0, 1, 1, 0, 0, 0, 1, 0, 1, 1, 0, 0, 0]",x
22,davidV,65,bachelor,hhhthttththhthhtttthhthhhtthttttthhhhhttthhththtttthhthttttthtththhttttthtthhhhthtttthtthhhttthhthh,ttththhhthtthtthhhhtthttthhthhhhthttttthhhtthththhhhtththhhhhthhthtthhhhhthhtttththhhhthhttthhhtthtt,ttththhhthtthtthhhhtthttthhthhhhhttttthhhtthththhhhtththhhhhthhthtthhhhhthhtttththhhhthhttthhhtthtt,ttththhhthtthtthhhhtthttthhthhhhhttttthhhtthththhhhtththhhhhthhthtthhhhhthhtttththhhhthhttthhhtthtt,ttththhhthtthtthhhhtthttthhthhhhthttttthhhtthththhhhtththhhhhthhthtthhhhhthhtttththhhhthhttthhhtthtt,0,"[0, 0, 0, 0, 0, 0, 0, 0, 0, 0, 0, 0, 0, 0, 0, 0, 0, 0, 0, 0, 0, 0, 0, 0, 0, 0, 0, 0, 0, 0, 0, 0, 1, 1, 0, 0, 0, 0, 1, 0, 0, 1, 0, 1, 1, 1, 1, 1, 0, 0, 0, 1, 0, 1, 1, 1, 0, 0, 0, 0, 1, 1, 0, 1, 1, 1, 0, 1, 0, 0, 0, 0, 1, 1, 0, 1, 0, 0, 0, 1, 1, 1, 0, 0, 0, 1, 1, 0, 1, 0, 0, 1, 0, 0, 1, 0, 1, 1, 0]","[0, 0, 0, 0, 0, 0, 0, 0, 0, 0, 0, 0, 0, 0, 0, 0, 0, 0, 0, 0, 0, 0, 0, 0, 0, 0, 0, 0, 0, 0, 0, 0, 0, 0, 0, 0, 0, 0, 0, 0, 0, 0, 0, 0, 0, 0, 0, 0, 0, 0, 0, 0, 0, 0, 0, 0, 0, 0, 0, 0, 0, 0, 0, 0, 0, 0, 0, 0, 0, 0, 0, 0, 0, 0, 0, 0, 0, 0, 0, 0, 0, 0, 0, 0, 0, 0, 0, 0, 0, 0, 0, 0, 0, 0, 0, 0, 0, 0, 0, 0]",
23,kaleemU,20,bachelor,hthhhthhhhhhththhthhthhhttthhtththhxhttxhthtthhththtthththhhhhtttttthhhttttthtttxhhttththhthhttthtththh,hthhhthhhhhhththhthhthhhttthhtththhxhttxhthtthhththtthththhhhhtttttthhhttttthttthhttththhthhttthtththh,hthhhthhhhhhththhthhthhhttthhtththhxhttxhthtthhththtthththhhhhtttttthhhttttthtttxhhttththhthhttthtththh,hthhhthhhhhhththhthhthhhttthhtththhhtththtthhththtthththhhhhtttttthhhttttthttthhttththhthhttthtththh,hthhhthhhhhhththhthhthhhttthhtththhhtththtthhththtthththhhhhtttttthhhttttthttthhttththhthhttthtththh,1,"[0, 0, 0, 0, 0, 0, 0, 0, 0, 0, 0, 0, 0, 0, 0, 0, 0, 0, 0, 0, 0, 0, 0, 0, 0, 0, 0, 0, 0, 0, 0, 0, 0, 0, 0, 0, 0, 0, 0, 0, 0, 0, 0, 0, 0, 0, 0, 0, 0, 0, 0, 0, 0, 0, 0, 0, 0, 0, 0, 0, 0, 0, 0, 0, 0, 0, 0, 0, 0, 0, 0, 0, 0, 0, 0, 0, 0, 0, 0, 0, 0, 0, 0, 0, 0, 0, 0, 0, 0, 0, 0, 0, 0, 0, 0, 0, 0, 0, 0, 0]","[0, 0, 0, 0, 0, 0, 0, 0, 0, 0, 0, 0, 0, 0, 0, 0, 0, 0, 0, 0, 0, 0, 0, 0, 0, 0, 0, 0, 0, 0, 0, 0, 0, 0, 0, 0, 0, 0, 0, 0, 0, 0, 0, 0, 0, 0, 0, 0, 0, 0, 0, 0, 0, 0, 0, 0, 0, 0, 0, 0, 0, 0, 0, 0, 0, 0, 0, 0, 0, 0, 0, 0, 0, 0, 0, 0, 0, 0, 0, 0, 0, 0, 0, 0, 0, 0, 0, 0, 0, 0, 0, 0, 0, 0, 0, 0, 0, 0, 0, 0]",
24,davidKL,27,bachelor,txththtththhxhhtthhttthhthhthhttxhhthhhhtthtxtthhhxthhhhhhhttxhththhhhhtttxhthhhtthttxtthhhttttththhhhttthtt,ttththtththhhhtthhttthhthhthhtthhthhhhtthttthhhthhhhhhtthththhhhhttththhhtthtttthhhttttththhhhtthtt,txththtththhxhhtthhttthhthhthhttxhhthhhhtthtxtthhhxthhhhhhhttxhththhhhhtttxhthhhtthttxtthhhttttththhhhttthtt,tththtththhhhtthhttthhthhthhtthhthhhhtthttthhhthhhhhhhtthththhhhhttththhhtthtttthhhttttththhhhttthtt,ttththtththhhhtthhttthhthhthhtthhthhhhtthttthhhthhhhhhtthththhhhhttththhhtthtttthhhttttththhhhtthtt,0,"[0, 0, 1, 1, 1, 1, 0, 1, 1, 1, 0, 0, 0, 1, 0, 1, 0, 1, 0, 0, 1, 0, 1, 1, 0, 1, 1, 0, 1, 0, 1, 0, 1, 1, 0, 0, 0, 1, 0, 1, 1, 0, 0, 1, 0, 0, 1, 1, 0, 0, 0, 0, 0, 0, 0, 0, 0, 0, 0, 0, 0, 0, 0, 0, 0, 0, 0, 0, 0, 0, 0, 0, 0, 0, 0, 0, 0, 0, 0, 0, 0, 0, 0, 0, 0, 0, 0, 0, 0, 0, 0, 0, 0, 0, 0, 0, 1, 1, 0]","[0, 0, 0, 0, 0, 0, 0, 0, 0, 0, 0, 0, 0, 0, 0, 0, 0, 0, 0, 0, 0, 0, 0, 0, 0, 0, 0, 0, 0, 0, 0, 0, 0, 0, 0, 0, 0, 0, 0, 0, 0, 0, 0, 0, 0, 0, 0, 0, 0, 0, 0, 0, 0, 0, 0, 0, 0, 0, 0, 0, 0, 0, 0, 0, 0, 0, 0, 0, 0, 0, 0, 0, 0, 0, 0, 0, 0, 0, 0, 0, 0, 0, 0, 0, 0, 0, 0, 0, 0, 0, 0, 0, 0, 0, 0, 0, 0, 0, 0, 0, 0]",
25,frantisekB,23,marathon,tthhththttxhhtthttthhtthtttththhhtxhxhtttthhxthtthhthtthttthhtthxthhthtthttttttthtxhtthhttththtttthhthththhh,tthhththttxhhtthttthhtthttttththhhtxhxhttthhxthtthhthtthttthhtthxthhthtthttttththtxhtthxttththtttthhthththh,tthhththttxhhtthttthhtthtttththhhtxhxhtttthhxthtthhthtthttthhtthxthhthtthttttttthtxhtthhttththtttthhthththhh,tthhththtthhtthttthhtthtttththhhthhtttthhthtthhthtthttthhtththhthtthttttttththtthhttththtttthhthththhh,tthhththtthhtthttthhtthttttththhhthhttthhthtthhthtthttthhtththhthtthttttthththtthttththtttthhthththh,0,"[0, 0, 0, 0, 0, 0, 0, 0, 0, 0, 0, 0, 0, 0, 0, 0, 0, 0, 0, 0, 0, 0, 0, 0, 0, 0, 0, 1, 1, 1, 0, 0, 1, 1, 0, 1, 0, 0, 0, 0, 0, 0, 0, 0, 0, 0, 0, 0, 0, 0, 0, 0, 0, 0, 0, 0, 0, 0, 0, 0, 0, 0, 0, 0, 0, 0, 0, 0, 0, 0, 0, 0, 0, 1, 0, 0, 0, 0, 0, 0, 0, 1, 0, 0, 1, 1, 1, 1, 0, 0, 0, 1, 0, 1, 1, 1, 1, 1, 1, 0]","[0, 0, 0, 0, 0, 0, 0, 0, 0, 0, 0, 0, 0, 0, 0, 0, 0, 0, 0, 0, 0, 0, 0, 0, 0, 0, 0, 1, 1, 1, 0, 0, 1, 1, 0, 1, 0, 0, 0, 0, 0, 0, 0, 0, 0, 0, 0, 0, 0, 0, 0, 0, 0, 0, 0, 0, 0, 0, 0, 0, 0, 0, 0, 0, 0, 0, 0, 0, 0, 0, 0, 0, 0, 1, 0, 0, 0, 0, 0, 0, 0, 0, 0, 0, 0, 0, 0, 0, 0, 0, 0, 0, 0, 0, 0, 0, 0, 0, 0, 0, 0, 0]",
26,ingeborgR,47,marathon,ttxhhhthtthtttuhhtttttthhhhhhxhhhtthhhtxthhtthtxhxthththhttthhthtttththhtttttthhhtxthhthhththtthtthhtththhht,hhxttththhthhhttthhhhhhttttttxttthhttthhtthhthxtxhththtthhhtththhhhthtthhhhhhttthxhhtththhhhthhtthhthttth,hhxttththhthhhutthhhhhhttttttxttthhttthxhtthhthxtxhththtthhhtththhhhthtthhhhhhttthxhtthtthththhthhtthhthttth,hhttththhthhhtthhhhhhttttttttthhttthhtthhththththtthhhtththhhhthtthhhhhhttthhtthtthththhthhtthhthttth,hhttththhthhhttthhhhhhttttttttthhttthhtthhththththtthhhtththhhhthtthhhhhhttthhhtththhhhthhtthhthttth,0,"[0, 0, 0, 0, 0, 0, 0, 0, 0, 0, 0, 0, 0, 0, 0, 1, 0, 0, 0, 0, 0, 1, 0, 0, 0, 0, 0, 0, 0, 0, 1, 0, 1, 0, 0, 1, 0, 1, 0, 1, 0, 1, 1, 1, 1, 1, 1, 1, 1, 1, 0, 1, 0, 0, 1, 0, 1, 1, 1, 0, 0, 0, 1, 1, 1, 0, 1, 0, 0, 0, 0, 0, 1, 0, 0, 1, 0, 1, 1, 1, 0, 1, 1, 1, 0, 1, 0, 1, 1, 0, 1, 0, 1, 0, 1, 1, 1, 0, 0, 1]","[0, 0, 0, 0, 0, 0, 0, 0, 0, 0, 0, 0, 0, 0, 0, 0, 0, 0, 0, 0, 0, 0, 0, 0, 0, 0, 0, 0, 0, 0, 0, 0, 0, 0, 0, 0, 0, 0, 0, 0, 0, 0, 0, 0, 0, 0, 0, 0, 0, 0, 0, 0, 0, 0, 0, 0, 0, 0, 0, 0, 0, 0, 0, 0, 0, 0, 0, 0, 0, 0, 0, 0, 0, 0, 0, 0, 0, 0, 0, 0, 0, 0, 0, 0, 0, 0, 1, 0, 0, 0, 0, 0, 0, 0, 0, 0, 0, 0, 0, 0, 0, 0]",
27,madlenH,62,marathon,thtttthhhhhhhththhthtttththhxhtthhtthhhhhhttthhhtthttttxthhtxhhhhthththhhhhthxhttthhhhhxhhttthththtthhththttttttxxt,hthhhxttxtttththtththhhhthttxthhtthhtttttthhhttthhthhhhxhtthxtttthththttttthtxthxhtttttxtthhhthththhtththxhhhh,hthhhhttttttththtththhhhthttxthhtthhtttttthhhttthhthhhhxhtthxtttthththttttthtxthhhtttttxtthhhthththhtthththhhhhhxxh,hthhhhttttttththtththhhhthttthhtthhtttttthhhttthhthhhhhtthtttthththttttthtthhhttttttthhhthththhtthththhhhhhh,hthhhtttttththtththhhhthttthhtthhtttttthhhttthhthhhhhtthtttthththttttthtthhttttttthhhthththhtththhhhh,0,"[0, 0, 0, 0, 0, 1, 0, 0, 0, 0, 0, 1, 0, 0, 0, 1, 1, 0, 0, 1, 0, 0, 1, 0, 0, 1, 0, 1, 1, 1, 1, 1, 1, 1, 1, 0, 0, 0, 0, 1, 1, 0, 1, 1, 0, 1, 1, 1, 0, 1, 0, 0, 0, 1, 1, 1, 0, 1, 0, 0, 1, 0, 0, 0, 0, 0, 1, 0, 0, 0, 1, 0, 1, 1, 1, 1, 1, 1, 0, 0, 0, 0, 1, 1, 1, 1, 0, 1, 1, 1, 1, 0, 0, 1, 0, 0, 1, 0, 1, 0, 1]","[0, 0, 0, 0, 0, 0, 0, 0, 0, 0, 0, 0, 0, 0, 0, 0, 0, 0, 0, 0, 0, 0, 0, 0, 0, 0, 0, 0, 0, 0, 0, 0, 0, 0, 0, 0, 0, 0, 0, 0, 0, 0, 0, 0, 0, 0, 0, 0, 0, 0, 0, 0, 0, 0, 0, 0, 0, 0, 0, 0, 0, 0, 0, 0, 0, 0, 0, 0, 0, 0, 0, 0, 0, 0, 0, 0, 0, 0, 0, 0, 0, 0, 0, 0, 0, 0, 0, 0, 0, 0, 0, 0, 0, 0, 0, 0, 0, 0, 0, 0, 0, 0, 0, 0, 0, 0, 0, 0]",
28,henrikG,32,marathon,thtthhhhhhhtthtttthtttththhhhhttththtthhthththththhhthhttttthtttxhhthttththtthhhtthtttthhttuhtthhththtthh,thtthhhhhhhtthtttthtttththhhhhttththtthhthththxhthhhthhtxxtthtttxhhthttththtthhhtthtttthhtthhtthhththtxhh,thtthhhhhhhtthtttthtttththhhhhttththtthhthththththhhthhttttthtttxhhthttththtthhhtthtttthhttuhtthhththtthh,thtthhhhhhhtthtttthtttththhhhhttththtthhthththththhhthhttttthttthhthttththtthhhtthtttthhtthtthhththtthh,thtthhhhhhhtthtttthtttththhhhhttththtthhthththhthhhthhttthttthhthttththtthhhtthtttthhtthhtthhthththh,0,"[0, 0, 0, 0, 0, 0, 0, 0, 0, 0, 0, 0, 0, 0, 0, 0, 0, 0, 0, 0, 0, 0, 0, 0, 0, 0, 0, 0, 0, 0, 0, 0, 0, 0, 0, 0, 0, 0, 0, 0, 0, 0, 0, 0, 0, 0, 1, 1, 1, 0, 0, 1, 1, 0, 1, 0, 0, 1, 0, 0, 1, 1, 1, 0, 0, 1, 0, 1, 1, 0, 1, 1, 0, 0, 1, 1, 1, 1, 0, 0, 0, 1, 0, 1, 1, 0, 1, 0, 1, 0, 1, 1, 1, 1, 0, 0, 0, 0, 0, 1]","[0, 0, 0, 0, 0, 0, 0, 0, 0, 0, 0, 0, 0, 0, 0, 0, 0, 0, 0, 0, 0, 0, 0, 0, 0, 0, 0, 0, 0, 0, 0, 0, 0, 0, 0, 0, 0, 0, 0, 0, 0, 0, 0, 0, 0, 0, 0, 0, 0, 0, 0, 0, 0, 0, 0, 0, 0, 0, 0, 0, 0, 0, 0, 0, 0, 0, 0, 0, 0, 0, 0, 0, 0, 0, 0, 0, 0, 0, 0, 0, 0, 0, 0, 0, 0, 0, 0, 0, 0, 0, 0, 0, 0, 0, 0, 0, 0, 0, 0, 0, 0, 0, 0, 0]",
29,jillR,7,marathon,hhttttthhthtxththhhxhthtththttttxxtthtttttxttthhhttthhtthhhhhthhhhththtthttthhthhthtthhhhhhtxxthhttttxh,tthhhhhtththxhthtttxththhththhhhhhhhthhhhhthhhttthhhtthhttttthtttthththhthhhtthtththhtttttthxxhtthhhhxt,tthhhhhtththxhthtttxththhththhhhxxhhthhhhhxhhhttthhhtthhttttthtttthththhthhhtthtththhtttttthxxhtthhhhxt,tthhhhhtththhthtttththhththhhhhhthhhhhhhhttthhhtthhttttthtttthththhthhhtthtththhtttttthhtthhhht,tthhhhhtththhthtttththhththhhhhhhhthhhhhthhhttthhhtthhttttthtttthththhthhhtthtththhtttttthhtthhhht,0,"[0, 0, 0, 0, 0, 0, 0, 0, 0, 0, 0, 0, 0, 0, 0, 0, 0, 0, 0, 0, 0, 0, 0, 0, 0, 0, 0, 0, 0, 0, 0, 0, 1, 0, 1, 0, 0, 0, 0, 0, 1, 1, 1, 1, 1, 1, 1, 1, 1, 0, 1, 0, 1, 1, 0, 0, 1, 0, 0, 1, 0, 1, 0, 1, 1, 1, 0, 0, 0, 0, 1, 1, 1, 0, 0, 0, 0, 0, 1, 0, 0, 1, 1, 0, 0, 0, 1, 1, 0, 1, 0, 1, 1, 0, 1]","[0, 0, 0, 0, 0, 0, 0, 0, 0, 0, 0, 0, 0, 0, 0, 0, 0, 0, 0, 0, 0, 0, 0, 0, 0, 0, 0, 0, 0, 0, 0, 0, 0, 0, 0, 0, 0, 0, 0, 0, 0, 0, 0, 0, 0, 0, 0, 0, 0, 0, 0, 0, 0, 0, 0, 0, 0, 0, 0, 0, 0, 0, 0, 0, 0, 0, 0, 0, 0, 0, 0, 0, 0, 0, 0, 0, 0, 0, 0, 0, 0, 0, 0, 0, 0, 0, 0, 0, 0, 0, 0, 0, 0, 0, 0, 0, 0, 0]",
30,pierreG,146,bachelor,hhthhttthhththhuthtthththhhththhthuttthhtttththhttthtthhhtthttthuttthhuhhthtthhhhhhhhttthtttththhththhtt ,tthtthhhtththttxhthhththttththtthtxhhhtthhhhtththhhthhttthhthhhtxhhhttxtththhtttttttthhhthhhhthtththtthh,tthtthhhtththttuhthhththttththtthtuhhhtthhhhthtthhhthhttthhthhhtuhhhttutththhtttttttthhhthhhhthtththtthh ,tthtthhhtththtththhththttththtththhhtthhhhthtthhhthhttthhthhhthhhtttththhtttttttthhhthhhhthtththtthh ,tthtthhhtththtththhththttththtththhhtthhhhtththhhthhttthhthhhthhhtttththhtttttttthhhthhhhthtththtthh,0,"[0, 0, 0, 0, 0, 0, 0, 0, 0, 0, 0, 0, 0, 0, 0, 0, 0, 0, 0, 0, 0, 0, 0, 0, 0, 0, 0, 0, 0, 0, 0, 0, 0, 0, 0, 0, 0, 0, 0, 0, 0, 0, 0, 1, 1, 0, 0, 0, 0, 0, 0, 0, 0, 0, 0, 0, 0, 0, 0, 0, 0, 0, 0, 0, 0, 0, 0, 0, 0, 0, 0, 0, 0, 0, 0, 0, 0, 0, 0, 0, 0, 0, 0, 0, 0, 0, 0, 0, 0, 0, 0, 0, 0, 0, 0, 0, 0, 0, 0, 0]","[0, 0, 0, 0, 0, 0, 0, 0, 0, 0, 0, 0, 0, 0, 0, 0, 0, 0, 0, 0, 0, 0, 0, 0, 0, 0, 0, 0, 0, 0, 0, 0, 0, 0, 0, 0, 0, 0, 0, 0, 0, 0, 0, 1, 1, 0, 0, 0, 0, 0, 0, 0, 0, 0, 0, 0, 0, 0, 0, 0, 0, 0, 0, 0, 0, 0, 0, 0, 0, 0, 0, 0, 0, 0, 0, 0, 0, 0, 0, 0, 0, 0, 0, 0, 0, 0, 0, 0, 0, 0, 0, 0, 0, 0, 0, 0, 0, 0, 0, 0, 0]",
31,amirS,8,bachelor,uhuttuthhxhttthhthhthhtuututthttuhhtttuuutththhuttttuuthhhtttthtuhutttthuuthtthuhhhhuthuhhtttthhttthtutuhttuhutuhhttthttthtthhhuht,xtxxhxhtttthhhtthtthtthxxhhhhthhxtthhhxxxhxthttxhhhhxxhttthhhxthxtxhhhhtxxhthhtxtxtttxhtxtthhhhtxhxhthxhxthhxtxhxtthhhthhhthhtttxth,utuhhuhttxthhhtthtthtthuuhuhhthhutthhhuuuhhthttuhhhhuuhttthhhhthutuhhhhtuuhthhtuttttuhtutthhhhtthhhthuhuthhutuhutthhhthhhthhtttuth,thhhttthhhtthtthtthhhhthhtthhhhhthtthhhhhttthhhhththhhhththhttttthttthhhhtthhhthhthhthtthhhthhhthhtttth,thhtttthhhtthtthtthhhhhthhtthhhhthtthhhhhttthhhththhhhththhttttthttthhhhthhthhthhthtthhhthhhthhtttth,0,"[0, 0, 0, 1, 0, 0, 0, 0, 0, 0, 0, 0, 0, 0, 0, 0, 0, 0, 0, 0, 0, 0, 1, 1, 0, 1, 0, 1, 0, 0, 0, 0, 0, 0, 0, 0, 0, 0, 0, 0, 0, 0, 0, 0, 0, 0, 0, 1, 1, 1, 1, 0, 0, 0, 1, 1, 1, 1, 0, 1, 0, 0, 0, 0, 1, 1, 0, 0, 1, 0, 0, 0, 1, 1, 1, 1, 0, 0, 0, 0, 0, 0, 0, 1, 0, 0, 1, 1, 1, 0, 0, 1, 1, 0, 0, 0, 1, 1, 0, 1]","[0, 0, 0, 1, 0, 0, 0, 0, 0, 0, 0, 0, 0, 0, 0, 0, 0, 0, 0, 0, 0, 0, 1, 1, 0, 1, 0, 1, 0, 0, 0, 0, 0, 0, 0, 0, 0, 0, 0, 0, 0, 0, 0, 0, 0, 0, 0, 0, 0, 0, 0, 0, 0, 0, 0, 0, 0, 0, 0, 0, 0, 0, 0, 0, 0, 0, 0, 0, 0, 0, 0, 0, 0, 0, 0, 0, 0, 0, 0, 0, 0, 0, 0, 0, 0, 0, 0, 0, 0, 0, 0, 0, 0, 0, 0, 0, 0, 0, 0, 0, 0, 0, 0]",
32,davidV,83,bachelor,ttttttthtthhthhthhhhhththhtttthhtttttttthhththhthtthhhhhttttthhtthttthtttttththtttththttththhttttth,ttttttthtthhthhthhhhhththhhtttthhtttttttthhththhthtthhhhhttttthhtthttthtttttththtttththttththhttttth,ttttttthtthhthhthhhhhththhtttthhtttttttthhththhthtthhhhhttttthhtthttthtttttththtttththttththhttttth,ttttttthtthhthhthhhhhththhtttthhtttttttthhththhthtthhhhhttttthhtthttthtttttththtttththttththhttttth,ttttttthtthhthhthhhhhththhhtttthhtttttttthhththhthtthhhhhttttthhtthttthtttttththtttththttththhttttth,0,"[0, 0, 0, 0, 0, 0, 0, 0, 0, 0, 0, 0, 0, 0, 0, 0, 0, 0, 0, 0, 0, 0, 0, 0, 0, 0, 1, 0, 0, 0, 1, 0, 1, 0, 0, 0, 0, 0, 0, 0, 1, 0, 1, 1, 1, 1, 0, 1, 1, 1, 0, 1, 0, 0, 0, 0, 1, 0, 0, 0, 0, 1, 0, 1, 0, 1, 1, 0, 0, 1, 1, 0, 0, 0, 0, 0, 1, 1, 1, 1, 0, 0, 0, 1, 1, 1, 1, 0, 0, 1, 1, 1, 0, 1, 0, 0, 0, 0, 1]","[0, 0, 0, 0, 0, 0, 0, 0, 0, 0, 0, 0, 0, 0, 0, 0, 0, 0, 0, 0, 0, 0, 0, 0, 0, 0, 0, 0, 0, 0, 0, 0, 0, 0, 0, 0, 0, 0, 0, 0, 0, 0, 0, 0, 0, 0, 0, 0, 0, 0, 0, 0, 0, 0, 0, 0, 0, 0, 0, 0, 0, 0, 0, 0, 0, 0, 0, 0, 0, 0, 0, 0, 0, 0, 0, 0, 0, 0, 0, 0, 0, 0, 0, 0, 0, 0, 0, 0, 0, 0, 0, 0, 0, 0, 0, 0, 0, 0, 0, 0]",
33,kaleemU,81,bachelor,uhhhhhhtthtthuhhhtttthhhthhthhhhhhththhtuttththhhhhthtthhttttutuhtthhtthttththhththhthttththtttthhhthhttttttt,xhhhhhhtthtthxhhhtttthhhthhthhhhhhththhtxttththhhthtthhttttxtxhtthhtthttththhthhhthttththtttthhhthhttttttt,uhhhhhhtthtthuhhhtttthhhthhthhhhhhththhtuttththhhhhthtthhttttutuhtthhtthttththhththhthttththtttthhhthhttttttt,hhhhhhtthtthhhhtttthhhthhthhhhhhththhtttththhhhhthtthhttttthtthhtthttththhththhthttththtttthhhthhttttttt,hhhhhhtthtthhhhtttthhhthhthhhhhhththhtttththhhthtthhttttthtthhtthttththhthhhthttththtttthhhthhttttttt,0,"[0, 0, 0, 0, 0, 0, 0, 0, 0, 0, 0, 0, 0, 0, 0, 0, 0, 0, 0, 0, 0, 0, 0, 0, 0, 0, 0, 0, 0, 0, 0, 0, 0, 0, 0, 0, 0, 0, 0, 0, 0, 0, 0, 0, 0, 0, 1, 0, 0, 1, 1, 1, 1, 1, 0, 0, 0, 1, 0, 1, 1, 1, 1, 1, 1, 0, 1, 0, 1, 0, 0, 1, 1, 0, 1, 0, 0, 0, 1, 0, 1, 1, 0, 1, 1, 0, 1, 0, 1, 1, 1, 1, 0, 0, 0, 1, 1, 0, 0, 0, 0]","[0, 0, 0, 0, 0, 0, 0, 0, 0, 0, 0, 0, 0, 0, 0, 0, 0, 0, 0, 0, 0, 0, 0, 0, 0, 0, 0, 0, 0, 0, 0, 0, 0, 0, 0, 0, 0, 0, 0, 0, 0, 0, 0, 0, 0, 0, 0, 0, 0, 0, 0, 0, 0, 0, 0, 0, 0, 0, 0, 0, 0, 0, 0, 0, 0, 0, 0, 0, 0, 0, 0, 0, 0, 0, 0, 0, 0, 0, 0, 0, 0, 0, 0, 0, 0, 0, 0, 0, 0, 0, 0, 0, 0, 0, 0, 0, 0, 0, 0, 0, 0, 0, 0, 0]",
34,davidKL,46,bachelor,htthttthhhhhhhhhtttthttttttttttttththhhhtthtthttthhhtthhhhtttththhttthtthtttttttthtthhttttthtthttt,thhthhhttttttttthhhhthhhhhhhhhhhhhthtttthhthhthhhttthhtttthhhhhthtthhhthhthhhhhhhhthhtthhhhhthhthhh,thhthhhttttttttthhhhthhhhhhhhhhhhhthtttthhthhthhhttthhtttthhhhthtthhhthhthhhhhhhhthhtthhhhhthhthhh,thhthhhttttttttthhhhthhhhhhhhhhhhhthtttthhthhthhhttthhtttthhhhthtthhhthhthhhhhhhhthhtthhhhhthhthhh,thhthhhttttttttthhhhthhhhhhhhhhhhhthtttthhthhthhhttthhtttthhhhhthtthhhthhthhhhhhhhthhtthhhhhthhthhh,0,"[0, 0, 0, 0, 0, 0, 0, 0, 0, 0, 0, 0, 0, 0, 0, 0, 0, 0, 0, 0, 0, 0, 0, 0, 0, 0, 0, 0, 0, 0, 0, 0, 0, 0, 0, 0, 0, 0, 0, 0, 0, 0, 0, 0, 0, 0, 0, 0, 0, 0, 0, 0, 0, 0, 0, 0, 0, 0, 0, 0, 0, 0, 1, 1, 1, 0, 1, 0, 0, 1, 1, 0, 1, 1, 0, 0, 0, 0, 0, 0, 0, 1, 1, 0, 1, 0, 1, 0, 0, 0, 0, 1, 1, 0, 1, 1, 0, 0]","[0, 0, 0, 0, 0, 0, 0, 0, 0, 0, 0, 0, 0, 0, 0, 0, 0, 0, 0, 0, 0, 0, 0, 0, 0, 0, 0, 0, 0, 0, 0, 0, 0, 0, 0, 0, 0, 0, 0, 0, 0, 0, 0, 0, 0, 0, 0, 0, 0, 0, 0, 0, 0, 0, 0, 0, 0, 0, 0, 0, 0, 0, 0, 0, 0, 0, 0, 0, 0, 0, 0, 0, 0, 0, 0, 0, 0, 0, 0, 0, 0, 0, 0, 0, 0, 0, 0, 0, 0, 0, 0, 0, 0, 0, 0, 0, 0, 0, 0]",
35,frantisekB,18,marathon,tththttttthhttttththhththutthhtthtthttttuuuutththtthtthhttuhthhtuuuththtttthhtttththtththtthhththtt,thththhhhhtthhhhhthtththtthhtthhthhthhhhtthhhhthttxhthhhttthhxthtthhhhhththhhhtthhhhththhththhtthththt,tththttttthhttttththhththutthhtthtthttttuuuutththtthtthhttuhthhtuuuththtttthhtttththtththtthhththtt,tththttttthhttttththhththtthhtthtthtttttththtthtthhtththhtththtttthhtttththtththtthhththtt,thththhhhhtthhhhhthtththtthhtthhthhthhhhtthhhhthtththhhttthhthtthhhhhththhhhtthhhhththhththhtthththt,0,"[0, 1, 1, 1, 1, 1, 1, 1, 1, 1, 1, 1, 1, 1, 1, 1, 1, 1, 1, 1, 1, 1, 1, 1, 1, 0, 1, 0, 1, 0, 1, 0, 0, 1, 0, 0, 1, 1, 1, 1, 0, 1, 1, 0, 1, 1, 1, 1, 0, 1, 0, 0, 1, 0, 1, 1, 1, 0, 1, 0, 0, 0, 0, 0, 1, 1, 0, 0, 1, 0, 1, 0, 0, 1, 0, 1, 0, 1, 1, 0, 1, 1, 1, 0, 0, 0, 1, 1, 1, 0]","[0, 0, 0, 0, 0, 0, 0, 1, 1, 1, 0, 0, 0, 0, 1, 1, 1, 0, 1, 1, 0, 0, 0, 0, 0, 1, 1, 0, 0, 0, 0, 0, 0, 1, 0, 0, 0, 1, 0, 1, 0, 0, 1, 1, 1, 0, 0, 0, 0, 0, 0, 0, 1, 0, 0, 0, 0, 0, 0, 0, 0, 0, 1, 0, 1, 0, 1, 0, 1, 0, 1, 0, 0, 0, 1, 1, 0, 0, 0, 1, 0, 1, 0, 0, 0, 0, 0, 0, 0, 0, 0, 0, 0, 0, 0, 0, 0, 0, 0, 0]",x
36,ingeborgR,12,marathon,tttthhhththttthhthttthhhhhhhhththhhhhhtththhtttttthhhhhttuttttthtttthttttttthtthtthtthtthhhhtthtthh,ttthhhhhthtthttthhthttthhxhhhhhhththhhhhhtththhtttttthhhhhttxttttthtttthttttttthttttthtthtthhhhtthtthh,tttthhhththttthhthttthhhhhhhhththhhhhhtththhtttttthhhhhttuttttthtttthttttttthtthtthtthtthhhhtthtthh,tttthhhththttthhthttthhhhhhhhththhhhhhtththhtttttthhhhhttttttthtttthttttttthtthtthtthtthhhhtthtthh,ttthhhhhthtthttthhthttthhhhhhhhththhhhhhtththhtttttthhhhhttttttthtttthttttttthttttthtthtthhhhtthtthh,0,"[0, 0, 0, 1, 0, 0, 0, 1, 1, 1, 1, 0, 1, 0, 1, 1, 1, 0, 0, 1, 0, 1, 1, 0, 0, 0, 0, 0, 0, 1, 0, 0, 0, 1, 0, 0, 0, 0, 1, 1, 1, 0, 0, 1, 1, 1, 0, 0, 0, 0, 1, 1, 0, 0, 0, 1, 1, 0, 0, 0, 0, 0, 1, 0, 1, 0, 0, 1, 0, 1, 0, 0, 0, 0, 0, 1, 0, 1, 1, 0, 0, 1, 0, 1, 1, 0, 1, 1, 1, 0, 0, 1, 1, 1, 0, 1, 1, 1]","[0, 0, 0, 0, 1, 0, 0, 0, 0, 0, 0, 0, 0, 0, 0, 0, 0, 0, 0, 0, 0, 0, 0, 0, 0, 0, 0, 0, 0, 0, 0, 0, 0, 0, 0, 0, 0, 0, 0, 0, 0, 0, 0, 0, 0, 0, 0, 0, 0, 0, 0, 0, 0, 0, 0, 0, 0, 0, 0, 0, 0, 0, 0, 0, 0, 0, 0, 0, 0, 0, 0, 0, 0, 0, 0, 0, 0, 0, 0, 0, 1, 0, 0, 0, 0, 0, 0, 0, 0, 0, 0, 0, 0, 0, 0, 0, 0, 0, 0, 0]",
37,madlenH,50,marathon,thhttttuhhtuhhthththhthhtthhhtthtuhthhthuthuhhtttututtthhttuththtthhtttthuuththhhtthhhhthtththhthuhhhhhhhhthtt,thhttttxhhtxhhthththhthhtthhhtthtxhthhthxthxhhtttxtxttthhttxththtthhtttthxxththhhtthhhhthtththhthxhhhhhhhhhthtt,thhttttuhhtuhhthththhthhtthhhtthtuhthhthuthuhhtttututtthhttuththtthhtttthuuththhhtthhhhthtththhthuhhhhhhhhthtt,thhtttthhthhthththhthhtthhhtthththhththhhttttttthhttththtthhtttthththhhtthhhhthtththhthhhhhhhhhthtt,thhtttthhthhthththhthhtthhhtthththhththhhttttttthhttththtthhtttthththhhtthhhhthtththhthhhhhhhhhhthtt,0,"[0, 0, 0, 0, 0, 0, 0, 0, 0, 0, 0, 0, 0, 0, 0, 0, 0, 0, 0, 0, 0, 0, 0, 0, 0, 0, 0, 0, 0, 0, 0, 0, 0, 0, 0, 0, 0, 0, 0, 0, 0, 0, 0, 0, 0, 0, 0, 0, 0, 0, 0, 0, 0, 0, 0, 0, 0, 0, 0, 0, 0, 0, 0, 0, 0, 0, 0, 0, 0, 0, 0, 0, 0, 0, 0, 0, 0, 0, 0, 0, 0, 0, 0, 0, 0, 0, 0, 0, 0, 0, 0, 0, 0, 0, 0, 1, 1, 1, 0]","[0, 0, 0, 0, 0, 0, 0, 0, 0, 0, 0, 0, 0, 0, 0, 0, 0, 0, 0, 0, 0, 0, 0, 0, 0, 0, 0, 0, 0, 0, 0, 0, 0, 0, 0, 0, 0, 0, 0, 0, 0, 0, 0, 0, 0, 0, 0, 0, 0, 0, 0, 0, 0, 0, 0, 0, 0, 0, 0, 0, 0, 0, 0, 0, 0, 0, 0, 0, 0, 0, 0, 0, 0, 0, 0, 0, 0, 0, 0, 0, 0, 0, 0, 0, 0, 0, 0, 0, 0, 0, 0, 0, 0, 0, 0, 0, 0, 0, 0, 0]",
38,henrikG,6,marathon,tththtthtthhtthhthhhhhtthhhttthhttthhhhhhhhhtthhhtthhtthttthhhhthhhhhhththhhhthhtthththhtthhhhhhtthhtht,hhththhthhtthhtthttttthhttthhhtthhhttttttttthhttthhtthhthhhtttthttttxththttttxthhththtthhtttttthhtthth,hhththhthhtthhtthttttthhttthhhtthhhttttttttthhttthhtthhthhhtttthtttttththtttthtthhththtthhtttttthhtthth,hhththhthhtthhtthttttthhttthhhtthhhttttttttthhttthhtthhthhhtttthtttttththtttthtthhththtthhtttttthhtthth,hhththhthhtthhtthttttthhttthhhtthhhttttttttthhttthhtthhthhhtttthttttththttttthhththtthhtttttthhtthth,0,"[0, 0, 0, 0, 0, 0, 0, 0, 0, 0, 0, 0, 0, 0, 0, 0, 0, 0, 0, 0, 0, 0, 0, 0, 0, 0, 0, 0, 0, 0, 0, 0, 0, 0, 0, 0, 0, 0, 0, 0, 0, 0, 0, 0, 0, 0, 0, 0, 0, 0, 0, 0, 0, 0, 0, 0, 0, 0, 0, 0, 0, 0, 0, 0, 0, 0, 0, 0, 0, 1, 1, 1, 1, 0, 0, 0, 0, 0, 1, 0, 0, 1, 1, 1, 0, 0, 1, 0, 1, 1, 0, 0, 0, 1, 1, 0, 1, 0, 0, 1]","[0, 0, 0, 0, 0, 0, 0, 0, 0, 0, 0, 0, 0, 0, 0, 0, 0, 0, 0, 0, 0, 0, 0, 0, 0, 0, 0, 0, 0, 0, 0, 0, 0, 0, 0, 0, 0, 0, 0, 0, 0, 0, 0, 0, 0, 0, 0, 0, 0, 0, 0, 0, 0, 0, 0, 0, 0, 0, 0, 0, 0, 0, 0, 0, 0, 0, 0, 0, 0, 0, 0, 0, 0, 0, 0, 0, 0, 0, 0, 0, 0, 0, 0, 0, 0, 0, 0, 0, 0, 0, 0, 0, 0, 0, 0, 0, 0, 0, 0, 0, 0, 0, 0]",
39,jillR,61,marathon,hthhhttthhhthhthththtthtthhhhththththhhhthhthtththhthhtththuthhhhhththhthhtttthhhthhhtththhththtt,thhhttthhhthhthththtthtthhhhththththhhhthhthtththhthhtthhtththxthhhhhttthhthhttttthhhthhhtththhththtt,thttthhhttthtththththhthhtttththththtttthtththhthtthtthhthtuhttttththtthtthhhhttthttthhthtthththh,thttthhhttthtththththhthhtttththththtttthtththhthtthtthhththttttththtthtthhhhttthttthhthtthththh,thhhttthhhthhthththtthtthhhhththththhhhthhthtththhthhtthhtthththhhhhttthhthhttttthhhthhhtththhththtt,0,"[0, 0, 1, 1, 0, 1, 1, 0, 1, 1, 0, 0, 1, 0, 0, 0, 0, 0, 0, 0, 1, 0, 0, 1, 0, 1, 1, 1, 0, 0, 0, 0, 0, 0, 0, 0, 1, 1, 1, 0, 0, 1, 0, 0, 0, 1, 0, 0, 0, 1, 0, 0, 1, 0, 1, 0, 1, 1, 0, 0, 0, 1, 0, 1, 1, 0, 1, 0, 0, 0, 1, 1, 1, 1, 0, 0, 1, 0, 0, 0, 1, 1, 1, 1, 1, 0, 1, 0, 0, 0, 0, 0, 0, 1, 1, 0]","[0, 0, 1, 1, 0, 1, 1, 0, 1, 1, 0, 0, 1, 0, 0, 0, 0, 0, 0, 0, 1, 0, 0, 1, 0, 1, 1, 1, 0, 0, 0, 0, 0, 0, 0, 0, 1, 1, 1, 0, 0, 1, 0, 0, 0, 1, 0, 0, 0, 0, 0, 1, 0, 0, 0, 0, 0, 0, 0, 0, 0, 0, 0, 1, 1, 1, 1, 0, 0, 1, 0, 1, 0, 0, 1, 0, 1, 1, 1, 0, 0, 1, 0, 1, 0, 1, 0, 0, 0, 0, 0, 0, 1, 0, 0, 0, 0, 0, 0, 1]",x
40,pierreG,48,bachelor,ttttxthhthhthhxhhhtxththttthxthhhhhtthhhtxhxhhthhhhhtttthhhhhhtthtthhhththhththtxttthththtththhhhhxttthttxhhh,ttttxthhthhthhxhhhtxththttthxthhhhhtthhhtxhxhhthhhhhtttthhhhhhtthtthhhththhththtxttthththtththhhhhxttthttxhhh,ttttxthhthhthhxhhhtxththttthxthhhhhtthhhtxhxhhthhhhhtttthhhhhhtthtthhhththhththtxttthththtththhhhhxttthttxhhh,ttttthhthhthhhhhtththttththhhhhtthhhthhhthhhhhtttthhhhhhtthtthhhththhththtttthththtththhhhhttthtthhh,ttttthhthhthhhhhtththttththhhhhtthhhthhhthhhhhtttthhhhhhtthtthhhththhththtttthththtththhhhhttthtthhh,1,"[0, 0, 0, 0, 0, 0, 0, 0, 0, 0, 0, 0, 0, 0, 0, 0, 0, 0, 0, 0, 0, 0, 0, 0, 0, 0, 0, 0, 0, 0, 0, 0, 0, 0, 0, 0, 0, 0, 0, 0, 0, 0, 0, 0, 0, 0, 0, 0, 0, 0, 0, 0, 0, 0, 0, 0, 0, 0, 0, 0, 0, 0, 0, 0, 0, 0, 0, 0, 0, 0, 0, 0, 0, 0, 0, 0, 0, 0, 0, 0, 0, 0, 0, 0, 0, 0, 0, 0, 0, 0, 0, 0, 0, 0, 0, 0, 0, 0, 0, 0]","[0, 0, 0, 0, 0, 0, 0, 0, 0, 0, 0, 0, 0, 0, 0, 0, 0, 0, 0, 0, 0, 0, 0, 0, 0, 0, 0, 0, 0, 0, 0, 0, 0, 0, 0, 0, 0, 0, 0, 0, 0, 0, 0, 0, 0, 0, 0, 0, 0, 0, 0, 0, 0, 0, 0, 0, 0, 0, 0, 0, 0, 0, 0, 0, 0, 0, 0, 0, 0, 0, 0, 0, 0, 0, 0, 0, 0, 0, 0, 0, 0, 0, 0, 0, 0, 0, 0, 0, 0, 0, 0, 0, 0, 0, 0, 0, 0, 0, 0, 0]",
41,amirS,70,bachelor,htttxttthtxththtttthtthtxtttttxhxhxhttthhthtthhhhhhhhhtthththttthhhththhxtttthxthtththtxhhhthxhhxtttttxtxhhxtxhtthh,htttxttthtxhthtttthtthtxtttttxhxhxhttthhthtthhhhhhhhhtthththttthhhththhhxtttthxthtththtxhhththxhhxtttttxtxhhxtxhtth,htttxttthtxththtttthtthtxtttttxhxhxhttthhthtthhhhhhhhhtthththttthhhththhxtttthxthtththtxhhhthxhhxtttttxtxhhxtxhtthh,htttttthtththtttthtthtttttthhhttthhthtthhhhhhhhhtthththttthhhththhtttththtthththhhthhhtttttthhthtthh,htttttthththtttthtthtttttthhhttthhthtthhhhhhhhhtthththttthhhththhhtttththtthththhththhhtttttthhthtth,0,"[0, 0, 0, 0, 0, 0, 0, 0, 0, 1, 1, 1, 1, 0, 0, 0, 1, 1, 0, 1, 1, 0, 0, 0, 0, 0, 1, 0, 0, 1, 0, 0, 1, 0, 1, 1, 1, 0, 1, 0, 0, 0, 0, 0, 0, 0, 0, 1, 0, 1, 1, 1, 1, 1, 1, 0, 0, 1, 0, 0, 1, 1, 1, 1, 0, 0, 0, 0, 0, 0, 0, 0, 0, 0, 0, 0, 0, 0, 0, 0, 0, 1, 1, 1, 0, 0, 1, 0, 0, 0, 0, 0, 1, 0, 1, 1, 1, 0, 1, 0]","[0, 0, 0, 0, 0, 0, 0, 0, 0, 0, 0, 0, 0, 0, 0, 0, 0, 0, 0, 0, 0, 0, 0, 0, 0, 0, 0, 0, 0, 0, 0, 0, 0, 0, 0, 0, 0, 0, 0, 0, 0, 0, 0, 0, 0, 0, 0, 0, 0, 0, 0, 0, 0, 0, 0, 0, 0, 0, 0, 0, 0, 0, 0, 0, 0, 0, 0, 0, 0, 0, 0, 0, 0, 0, 0, 0, 0, 0, 0, 0, 0, 0, 0, 0, 0, 0, 0, 0, 0, 0, 0, 0, 0, 0, 0, 0, 0, 0, 0, 0, 0, 0]",
42,davidV,30,bachelor,thhhththhhthtthtttthhttthtthhhhhtththhhhhhhhtththhhtttththhhththhthhhhhthhhththhttthhtxhthhththththhtxt,httththttththhthhhhtthhhthttttthhthtttttttthhthttthhhhthttththtthttttthttthththhhhtththtththththtthh,httththttththhthhhhtthhhthhttttthhthtttttttthhthttthhhhthttththtthttttthttththtthhhtthxthtththththtthxh,httththttththhthhhhtthhhthhttttthhthtttttttthhthttthhhhthttththtthttttthttththtthhhtththtththththtthh,httththttththhthhhhtthhhthttttthhthtttttttthhthttthhhhthttththtthttttthttthththhhhtththtththththtthh,0,"[0, 0, 0, 0, 0, 0, 0, 0, 0, 0, 0, 0, 0, 0, 0, 0, 0, 0, 0, 0, 0, 0, 0, 0, 0, 0, 1, 0, 0, 0, 0, 1, 0, 1, 1, 1, 0, 0, 0, 0, 0, 0, 0, 1, 0, 1, 1, 1, 0, 0, 1, 0, 0, 0, 1, 1, 1, 0, 0, 1, 1, 1, 1, 0, 1, 1, 0, 0, 0, 0, 1, 1, 0, 0, 1, 1, 1, 1, 1, 1, 0, 0, 1, 0, 1, 1, 1, 1, 0, 1, 1, 1, 1, 1, 1, 1, 1, 0, 1, 0]","[0, 0, 0, 0, 0, 0, 0, 0, 0, 0, 0, 0, 0, 0, 0, 0, 0, 0, 0, 0, 0, 0, 0, 0, 0, 0, 0, 0, 0, 0, 0, 0, 0, 0, 0, 0, 0, 0, 0, 0, 0, 0, 0, 0, 0, 0, 0, 0, 0, 0, 0, 0, 0, 0, 0, 0, 0, 0, 0, 0, 0, 0, 0, 0, 0, 0, 0, 0, 0, 0, 0, 0, 0, 0, 0, 0, 0, 0, 0, 1, 0, 0, 0, 0, 0, 0, 0, 0, 0, 0, 0, 0, 0, 0, 0, 0, 0, 0, 0, 0, 0]",
43,kaleemU,11,bachelor,hhtthtttththhtththhtxtthhththththhthhhtttxthttttthttttxthhhttthhhhthtxtthhhththxxhthhthtththhhhthththhhhtth,tthhthhhhthtthhthtthxhhtththththtthttthhhththhhhhthhhhxhttthhhtttththxhhttththtthtththhhhtttthththtttthh,tthhthhhhthtthhthtthxhhtththththtthttthhhxhthhhhhthhhhxhttthhhtttththxhhttththtxxthtththhthtttthththtttthht,tthhthhhhthtthhthtthhhtththththtthttthhhhthhhhhthhhhhttthhhtttththhhttththtthtththhthtttthththtttthht,tthhthhhhthtthhthtthhhtththththtthttthhhththhhhhthhhhhttthhhtttththhhttththtthtththhhhtttthththtttthh,0,"[0, 0, 0, 0, 0, 0, 0, 0, 0, 0, 0, 0, 0, 0, 0, 0, 0, 0, 0, 0, 0, 0, 0, 0, 0, 0, 0, 0, 0, 0, 0, 0, 0, 0, 0, 0, 0, 0, 0, 0, 1, 1, 1, 0, 0, 0, 0, 1, 1, 0, 0, 0, 0, 1, 0, 0, 1, 0, 0, 1, 0, 0, 0, 1, 1, 1, 0, 0, 1, 0, 0, 1, 1, 1, 1, 0, 1, 1, 0, 1, 1, 1, 0, 1, 0, 1, 0, 0, 0, 1, 1, 1, 1, 1, 1, 0, 0, 0, 1, 0, 1]","[0, 0, 0, 0, 0, 0, 0, 0, 0, 0, 0, 0, 0, 0, 0, 0, 0, 0, 0, 0, 0, 0, 0, 0, 0, 0, 0, 0, 0, 0, 0, 0, 0, 0, 0, 0, 0, 0, 0, 0, 0, 0, 0, 0, 0, 0, 0, 0, 0, 0, 0, 0, 0, 0, 0, 0, 0, 0, 0, 0, 0, 0, 0, 0, 0, 0, 0, 0, 0, 0, 0, 0, 0, 0, 0, 0, 0, 0, 0, 0, 0, 0, 0, 0, 1, 0, 0, 0, 0, 0, 0, 0, 0, 0, 0, 0, 0, 0, 0, 0, 0, 0]",
44,davidKL,24,bachelor,xtxttttttthhhxhhhththtttxtthttxxhthtthhttthhtthhxthttthhthtxhtttthhthtthhhhhhthhhttttxtththxhthhhxhxtxtxtthhththt,tttttttthhhhhhththttttthtththtthhttthhtthhthttthhththtttthhthtthhhhhhthhhtttttththhthhhhtttthhththt,xhxhhhhhhhtttxttthththhhxhhthhxxththhtthhhtthhttxhthhhtththxthhhhtththhtttttthttthhhhxhhthtxthtttxtxhxhxhhtththth,hhhhhhhhtttttthththhhhhthhththhtthhhtthhtththhhtthththhhhtththhtttttthttthhhhhhthtthtttthhhhtththth,tttttttthhhhhhththttttthtththtthhttthhtthhthttthhththtttthhthtthhhhhhthhhtttttththhthhhhtttthhththt,0,"[1, 1, 1, 1, 1, 1, 1, 1, 1, 1, 1, 1, 1, 1, 1, 1, 1, 1, 1, 1, 1, 1, 1, 1, 1, 1, 1, 1, 1, 1, 1, 1, 1, 1, 1, 1, 1, 1, 1, 1, 1, 1, 1, 1, 1, 1, 1, 1, 1, 1, 1, 1, 1, 1, 1, 1, 1, 1, 1, 1, 1, 1, 1, 1, 1, 1, 1, 1, 1, 1, 1, 1, 1, 1, 1, 1, 1, 1, 1, 1, 1, 1, 1, 1, 1, 1, 1, 1, 1, 1, 1, 1, 1, 1, 1, 1, 1, 1, 1]","[0, 1, 1, 1, 1, 1, 1, 1, 0, 1, 1, 1, 1, 1, 0, 0, 0, 0, 0, 1, 1, 1, 1, 0, 0, 1, 0, 0, 0, 0, 1, 0, 1, 0, 1, 1, 0, 1, 0, 1, 0, 1, 0, 0, 0, 1, 1, 0, 1, 0, 0, 0, 0, 0, 1, 1, 1, 0, 1, 0, 0, 0, 1, 0, 1, 1, 1, 1, 1, 0, 0, 1, 1, 0, 1, 1, 1, 1, 1, 0, 0, 0, 1, 0, 0, 1, 1, 1, 0, 1, 1, 1, 0, 1, 0, 0, 0, 0, 0, 0]",x
45,frantisekB,55,marathon,tththhhxthhththhhhxhxhhhhththttthhtthttthhhhhhtttttttxtthttxhhthhhtthttttthhtthhtthhthttxhhhhtxthhhthhth,tththhhxthhththhhhhhxhhhhththttthhtthttthhhhhhtttttttxtthttxhhthhhtthttttthhtthhtthhthtthhhhhttthhhthhth,tththhhxthhththhhhxhxhhhhththttthhtthttthhhhhhtttttttxtthttxhhthhhtthttttthhtthhtthhthttxhhhhtxthhhthhth,tththhhthhththhhhhhhhhththttthhtthttthhhhhhttttttttthtthhthhhtthttttthhtthhtthhthtthhhhtthhhthhth,tththhhthhththhhhhhhhhhththttthhtthttthhhhhhttttttttthtthhthhhtthttttthhtthhtthhthtthhhhhttthhhthhth,0,"[0, 0, 0, 0, 0, 0, 0, 0, 0, 0, 0, 0, 0, 0, 0, 0, 0, 0, 0, 0, 0, 0, 1, 1, 1, 1, 1, 0, 0, 1, 0, 1, 0, 1, 1, 0, 0, 1, 0, 0, 0, 0, 0, 1, 0, 0, 0, 0, 0, 0, 0, 0, 1, 1, 0, 1, 0, 1, 1, 0, 0, 1, 0, 1, 1, 0, 0, 0, 0, 1, 0, 1, 0, 1, 0, 1, 0, 1, 0, 1, 1, 1, 0, 1, 0, 0, 0, 1, 1, 1, 1, 1, 1, 0, 0, 0, 0]","[0, 0, 0, 0, 0, 0, 0, 0, 0, 0, 0, 0, 0, 0, 0, 0, 0, 0, 0, 0, 0, 0, 0, 0, 0, 0, 0, 0, 0, 0, 0, 0, 0, 0, 0, 0, 0, 0, 0, 0, 0, 0, 0, 0, 0, 0, 0, 0, 0, 0, 0, 0, 0, 0, 0, 0, 0, 0, 0, 0, 0, 0, 0, 0, 0, 0, 0, 0, 0, 0, 0, 0, 0, 0, 0, 0, 0, 0, 0, 0, 0, 0, 0, 0, 0, 0, 0, 0, 0, 0, 0, 0, 0, 0, 0, 0, 0, 0, 0, 0]",
46,ingeborgR,62,marathon,thhtthhhtthhhhhhththtthtttththhtthhtttthhhththtttttxhtthttthhttthhtttttthhtththtthththtththhhhhtthht,hthtttthtthhhttthhhhtthtttttththhhhhhhttttthhththhhttttttttthxttthththtthhhhtttthtthhthtttttxthtttttht,htthhttthhtttttthththhthhhhthtthhtthhhhttthththhhhhxthhthhhtthhhtthhhhhhtthhththhthththhthttttthhtth,htthhttthhtttttthththhthhhhthtthhtthhhhttthththhhhhthhthhhtthhhtthhhhhhtthhththhthththhthttttthhtth,hthtttthtthhhttthhhhtthtttttththhhhhhhttttthhththhhttttttttthttthththtthhhhtttthtthhthtttttthtttttht,0,"[0, 0, 1, 1, 1, 0, 0, 1, 1, 1, 1, 1, 1, 0, 0, 0, 0, 1, 0, 1, 1, 1, 1, 1, 1, 1, 1, 0, 1, 1, 0, 0, 0, 1, 1, 0, 0, 0, 1, 0, 0, 0, 1, 1, 0, 0, 0, 1, 0, 0, 0, 0, 1, 1, 0, 1, 1, 1, 0, 0, 0, 1, 1, 0, 1, 1, 0, 1, 0, 1, 1, 1, 1, 0, 0, 0, 1, 0, 1, 0, 0, 1, 1, 0, 0, 0, 1, 0, 1, 0, 0, 0, 1, 0, 1, 1, 0, 0, 0]","[0, 0, 0, 0, 1, 1, 0, 1, 0, 1, 0, 1, 1, 0, 0, 0, 1, 0, 1, 0, 0, 1, 0, 0, 1, 1, 1, 1, 0, 0, 0, 0, 0, 0, 1, 1, 0, 0, 0, 1, 0, 0, 0, 1, 1, 0, 0, 0, 1, 0, 0, 0, 0, 1, 1, 0, 1, 1, 1, 0, 0, 0, 1, 1, 0, 1, 1, 0, 1, 0, 1, 1, 1, 1, 0, 0, 0, 1, 0, 1, 0, 0, 1, 1, 0, 0, 0, 1, 0, 1, 0, 0, 0, 1, 0, 1, 1, 0, 0, 0, 0]",x
47,alexandraS,71,marathon,htththhhthhthhthhhhtththxththththhthththhhthhthtththttthhthththtttttthtththhhhthhtttthhtthhhhhthhtthhtthhh,xhhthttxhtthxthtttthhthtxhthththtthtxthttthtththhththhhtththththhhhhhthhthtttthtthhhhtthhttttthtthhtthxttt,thhthttthtthtthtttthhthtxhthththtthththttthtththhththhhtththththhhhhhthhthtttthtthhhhtthhttttthtthhtthhttt,thhthttthtthtthtttthhthththththtthththttthtththhththhhtththththhhhhhthhthtttthtthhhhtthhttttthtthhtthhttt,hhthtthtththtttthhthththththtthtthttthtththhththhhtththththhhhhhthhthtttthtthhhhtthhttttthtthhtthttt,0,"[1, 0, 1, 1, 1, 0, 1, 0, 1, 1, 0, 0, 0, 0, 1, 0, 1, 1, 0, 0, 1, 1, 1, 1, 1, 1, 1, 1, 1, 0, 0, 0, 0, 0, 0, 1, 0, 0, 0, 0, 1, 1, 1, 1, 1, 1, 1, 0, 1, 0, 0, 1, 0, 1, 1, 0, 0, 0, 0, 1, 0, 1, 0, 0, 1, 0, 0, 1, 1, 1, 1, 0, 1, 1, 0, 0, 1, 0, 1, 1, 1, 1, 0, 0, 0, 0, 1, 1, 0, 1, 0, 0, 1, 0, 0, 0, 0, 1, 0, 0]","[0, 0, 0, 0, 0, 0, 0, 0, 0, 0, 0, 0, 0, 0, 0, 0, 0, 0, 0, 0, 0, 0, 0, 0, 0, 0, 0, 0, 0, 0, 0, 0, 0, 0, 0, 0, 0, 0, 0, 0, 0, 0, 0, 0, 0, 0, 0, 0, 0, 0, 0, 0, 0, 0, 0, 0, 0, 0, 0, 0, 0, 0, 0, 0, 0, 0, 0, 0, 0, 0, 0, 0, 0, 0, 0, 0, 0, 0, 0, 0, 0, 0, 0, 0, 0, 0, 0, 0, 0, 0, 0, 0, 0, 0, 0, 0, 0, 0, 0, 0, 0, 0, 0, 0, 0]",
48,henrikG,58,marathon,hthhhhtthhhthtththththtttttxhhhhhhththtxttxtthtthttthttxtttxhhththhthhtthtthtthxtxhhhtthhththtttthhhtthhhhttt,hthhhhtthhxthtththththtttttxhhhhhhththtxttxtthtthxtthttxtttxhhththhthhtthtthtthxtxhhhtthhththtttthhhtthhhhttt,hthhhhtthhhthtththththtttttxhhhhhhththtxttxtthtthttthttxtttxhhththhthhtthtthtthxtxhhhtthhththtttthhhtthhhhttt,hthhhhtthhhthtththththttttthhhhhhththttttthtthttthttttthhththhthhtthtthtththhhtthhththtttthhhtthhhhttt,hthhhhtthhthtththththttttthhhhhhththttttthtthtthttttthhththhthhtthtthtththhhtthhththtttthhhtthhhhttt,0,"[0, 0, 0, 0, 0, 0, 0, 0, 0, 0, 1, 1, 1, 0, 1, 1, 1, 1, 1, 1, 1, 1, 0, 0, 0, 0, 1, 0, 0, 0, 0, 0, 1, 1, 1, 1, 1, 0, 0, 0, 0, 1, 1, 0, 1, 1, 0, 1, 0, 1, 0, 0, 0, 1, 1, 1, 0, 0, 0, 1, 1, 0, 1, 1, 1, 1, 0, 1, 1, 0, 1, 1, 0, 0, 1, 0, 1, 1, 1, 1, 1, 0, 0, 0, 0, 1, 0, 0, 1, 1, 0, 1, 1, 1, 1, 0, 0, 1, 1, 0]","[0, 0, 0, 0, 0, 0, 0, 0, 0, 0, 0, 0, 0, 0, 0, 0, 0, 0, 0, 0, 0, 0, 0, 0, 0, 0, 0, 0, 0, 0, 0, 0, 0, 0, 0, 0, 0, 0, 0, 0, 0, 0, 0, 0, 0, 0, 0, 0, 0, 0, 0, 0, 0, 0, 0, 0, 0, 0, 0, 0, 0, 0, 0, 0, 0, 0, 0, 0, 0, 0, 0, 0, 0, 0, 0, 0, 0, 0, 0, 0, 0, 0, 0, 0, 0, 0, 0, 0, 0, 0, 0, 0, 0, 0, 0, 0, 0, 0, 0, 0, 0, 0]",
49,jonasP,6,marathon,hhtuthhthttthhhttthhhtuhutthhthhtthhuuuuuuthhuthhututhhuthuuuttuhuuuhhhhuuhuhhhhhuuhuuhhtthuuthuhuutuh,hxththhthttthhhttthhhtthhtthhthhthhtttthtthhtthhhttthhtthhhhttthttthhhhhththhhhhhthhhhhthhhhththththh,hhtuthhthttthhhttthhhtuhutthhthhtthhuuuuuuthhuthhututhhuthuuuttuhuuuhhhhuuhuhhhhhuuhuuhhtthuuthuhuutuh,hhtthhthttthhhttthhhthtthhthhtthhthhthhtthhthtthhhhhhhhhhhhhhtththhth,hththhthttthhhttthhhtthhtthhthhthhtttthtthhtthhhttthhtthhhhttthttthhhhhththhhhhhthhhhhthhhhththththh,0,"[0, 1, 1, 0, 0, 0, 0, 0, 0, 0, 0, 0, 0, 0, 0, 0, 0, 0, 0, 0, 0, 1, 1, 1, 1, 1, 1, 0, 1, 1, 1, 1, 0, 1, 1, 1, 0, 1, 0, 0, 0, 0, 0, 0, 1, 1, 1, 0, 1, 1, 1, 0, 0, 1, 1, 0, 0, 0, 0, 1, 1, 0, 1, 1, 0, 1, 0, 1, 0]","[0, 1, 1, 0, 0, 0, 0, 0, 0, 0, 0, 0, 0, 0, 0, 0, 0, 0, 0, 0, 0, 0, 0, 0, 0, 0, 0, 0, 0, 0, 0, 0, 0, 0, 0, 0, 0, 0, 0, 0, 0, 0, 0, 0, 0, 0, 0, 0, 0, 0, 0, 0, 0, 0, 0, 0, 0, 0, 0, 0, 0, 0, 0, 0, 0, 0, 0, 0, 0, 0, 0, 0, 0, 0, 0, 0, 0, 0, 0, 0, 0, 0, 0, 0, 0, 0, 0, 0, 0, 0, 0, 0, 0, 0, 0, 0, 0, 0, 0, 0]",
50,pierreG,138,bachelor,tttthhtthhthhhthtthttthhthtthtththhhthtttththththhhhhthhhthtthhhhthhhtthhhthhthtttthhhhtthhthttttttt,tttthhtthhthhhthtthttthhthtthtththhhthtttththththhxhhhthhhthtthhhhthhhtthhhthhthtttthhhhtthhthttttttt,tttthhtthhthhhthtthttthhthtthtththhhthtttththththhhhhthhhthtthhhhthhhtthhhthhthtttthhhhtthhthttttttt,tttthhtthhthhhthtthttthhthtthtththhhthtttththththhhhhthhhthtthhhhthhhtthhhthhthtttthhhhtthhthttttttt,tttthhtthhthhhthtthttthhthtthtththhhthtttththththhhhhthhhthtthhhhthhhtthhhthhthtttthhhhtthhthttttttt,1,"[0, 0, 0, 0, 0, 0, 0, 0, 0, 0, 0, 0, 0, 0, 0, 0, 0, 0, 0, 0, 0, 0, 0, 0, 0, 0, 0, 0, 0, 0, 0, 0, 0, 0, 0, 0, 0, 0, 0, 0, 0, 0, 0, 0, 0, 0, 0, 0, 0, 0, 0, 0, 0, 0, 0, 0, 0, 0, 0, 0, 0, 0, 0, 0, 0, 0, 0, 0, 0, 0, 0, 0, 0, 0, 0, 0, 0, 0, 0, 0, 0, 0, 0, 0, 0, 0, 0, 0, 0, 0, 0, 0, 0, 0, 0, 0, 0, 0, 0, 0]","[0, 0, 0, 0, 0, 0, 0, 0, 0, 0, 0, 0, 0, 0, 0, 0, 0, 0, 0, 0, 0, 0, 0, 0, 0, 0, 0, 0, 0, 0, 0, 0, 0, 0, 0, 0, 0, 0, 0, 0, 0, 0, 0, 0, 0, 0, 0, 0, 0, 0, 0, 0, 0, 0, 0, 0, 0, 0, 0, 0, 0, 0, 0, 0, 0, 0, 0, 0, 0, 0, 0, 0, 0, 0, 0, 0, 0, 0, 0, 0, 0, 0, 0, 0, 0, 0, 0, 0, 0, 0, 0, 0, 0, 0, 0, 0, 0, 0, 0, 0]",
51,amirS,61,bachelor,hthhthhhthhthhthhttthhttttthththtthhhtthtthththhhhhhhttttthhthtthttttttttthththhtttttttthhtththtthht,hthhthxhhthxhthxhthxhttthhttttxtxhtxxhthtthhhxtthtthththhxhhhhxhxttttxxthhthtxthttttttttththtxxhhtttttxtxtxtxhhtthtxxhtthht,hthhthhhthhthhthhttthhttttthththtthhhtthtthththhhhhhhttttthhthtthttttttttthththhtttttttthhtththtthht,hthhthhhthhthhthhttthhttttthththtthhhtthtthththhhhhhhttttthhthtthttttttttthththhtttttttthhtththtthht,hthhthhhthhthhthhttthhttttthththtthhhtthtthththhhhhhhttttthhthtthttttttttthththhtttttttthhtththtthht,1,"[0, 0, 0, 0, 0, 0, 0, 0, 0, 0, 0, 0, 0, 0, 0, 0, 0, 0, 0, 0, 0, 0, 0, 0, 0, 0, 0, 0, 0, 0, 0, 0, 0, 0, 0, 0, 0, 0, 0, 0, 0, 0, 0, 0, 0, 0, 0, 0, 0, 0, 0, 0, 0, 0, 0, 0, 0, 0, 0, 0, 0, 0, 0, 0, 0, 0, 0, 0, 0, 0, 0, 0, 0, 0, 0, 0, 0, 0, 0, 0, 0, 0, 0, 0, 0, 0, 0, 0, 0, 0, 0, 0, 0, 0, 0, 0, 0, 0, 0, 0]","[0, 0, 0, 0, 0, 0, 0, 0, 0, 0, 0, 0, 0, 0, 0, 0, 0, 0, 0, 0, 0, 0, 0, 0, 0, 0, 0, 0, 0, 0, 0, 0, 0, 0, 0, 0, 0, 0, 0, 0, 0, 0, 0, 0, 0, 0, 0, 0, 0, 0, 0, 0, 0, 0, 0, 0, 0, 0, 0, 0, 0, 0, 0, 0, 0, 0, 0, 0, 0, 0, 0, 0, 0, 0, 0, 0, 0, 0, 0, 0, 0, 0, 0, 0, 0, 0, 0, 0, 0, 0, 0, 0, 0, 0, 0, 0, 0, 0, 0, 0]",
52,davidV,42,bachelor,thtththhhhhhthhhtttththhtthhtthhhtttththhthttthtthttththhthhtthtththttthhthtttthtthhthtththththththt,thtththhhhhhthhhtttththhtthhtthhhtttththhthttthtthttththhthhtthtththttthhthtttthtthhthtththththththt,thtththhhhhhthhhtttththhtthhtthhhtttththhthttthtthttththhthhtthtththttthhthtttthtthhthtththththththt,thtththhhhhhthhhtttththhtthhtthhhtttththhthttthtthttththhthhtthtththttthhthtttthtthhthtththththththt,thtththhhhhhthhhtttththhtthhtthhhtttththhthttthtthttththhthhtthtththttthhthtttthtthhthtththththththt,1,"[0, 0, 0, 0, 0, 0, 0, 0, 0, 0, 0, 0, 0, 0, 0, 0, 0, 0, 0, 0, 0, 0, 0, 0, 0, 0, 0, 0, 0, 0, 0, 0, 0, 0, 0, 0, 0, 0, 0, 0, 0, 0, 0, 0, 0, 0, 0, 0, 0, 0, 0, 0, 0, 0, 0, 0, 0, 0, 0, 0, 0, 0, 0, 0, 0, 0, 0, 0, 0, 0, 0, 0, 0, 0, 0, 0, 0, 0, 0, 0, 0, 0, 0, 0, 0, 0, 0, 0, 0, 0, 0, 0, 0, 0, 0, 0, 0, 0, 0, 0]","[0, 0, 0, 0, 0, 0, 0, 0, 0, 0, 0, 0, 0, 0, 0, 0, 0, 0, 0, 0, 0, 0, 0, 0, 0, 0, 0, 0, 0, 0, 0, 0, 0, 0, 0, 0, 0, 0, 0, 0, 0, 0, 0, 0, 0, 0, 0, 0, 0, 0, 0, 0, 0, 0, 0, 0, 0, 0, 0, 0, 0, 0, 0, 0, 0, 0, 0, 0, 0, 0, 0, 0, 0, 0, 0, 0, 0, 0, 0, 0, 0, 0, 0, 0, 0, 0, 0, 0, 0, 0, 0, 0, 0, 0, 0, 0, 0, 0, 0, 0]",
53,kaleemU,21,bachelor,hhthtthhhhthhttthhtthhthhttthhtthtttttthhhhhttththttthhhhhthtthtthttthtthhthhhtttthhhhhtttthhthththt,hhthtthhhhthhttthhtthhthhttthhtthtttttthhhhhttththttthhhhxhthtthxtthttthtthxhthhhxtttthhhhhtttthhthththt,hhthtthhhhthhttthhtthhthhttthhtthtttttthhhhhttththttthhhhhthtthtthttthtthhthhhtttthhhhhtttthhthththt,hhthtthhhhthhttthhtthhthhttthhtthtttttthhhhhttththttthhhhhthtthtthttthtthhthhhtttthhhhhtttthhthththt,hhthtthhhhthhttthhtthhthhttthhtthtttttthhhhhttththttthhhhhthtthtthttthtthhthhhtttthhhhhtttthhthththt,1,"[0, 0, 0, 0, 0, 0, 0, 0, 0, 0, 0, 0, 0, 0, 0, 0, 0, 0, 0, 0, 0, 0, 0, 0, 0, 0, 0, 0, 0, 0, 0, 0, 0, 0, 0, 0, 0, 0, 0, 0, 0, 0, 0, 0, 0, 0, 0, 0, 0, 0, 0, 0, 0, 0, 0, 0, 0, 0, 0, 0, 0, 0, 0, 0, 0, 0, 0, 0, 0, 0, 0, 0, 0, 0, 0, 0, 0, 0, 0, 0, 0, 0, 0, 0, 0, 0, 0, 0, 0, 0, 0, 0, 0, 0, 0, 0, 0, 0, 0, 0]","[0, 0, 0, 0, 0, 0, 0, 0, 0, 0, 0, 0, 0, 0, 0, 0, 0, 0, 0, 0, 0, 0, 0, 0, 0, 0, 0, 0, 0, 0, 0, 0, 0, 0, 0, 0, 0, 0, 0, 0, 0, 0, 0, 0, 0, 0, 0, 0, 0, 0, 0, 0, 0, 0, 0, 0, 0, 0, 0, 0, 0, 0, 0, 0, 0, 0, 0, 0, 0, 0, 0, 0, 0, 0, 0, 0, 0, 0, 0, 0, 0, 0, 0, 0, 0, 0, 0, 0, 0, 0, 0, 0, 0, 0, 0, 0, 0, 0, 0, 0]",
54,davidKL,53,bachelor,thththhththhtttthhhhthtttthhhhththththhhhtthhhhtthtthttthtththththtththtthththththhhhhttthhhttthhtt,thththhththhtttthhhhthtttthhhhththththhhhtthhhhtthtthttthtththththtththtthththththhhhhttthhhttthhtt,thththhththhtttthhhhthtttthhhhththththhhhtthhhhtthtthttthtththththtththtthththththhhhhttthhhttthhtt,thththhththhtttthhhhthtttthhhhththththhhhtthhhhtthtthttthtththththtththtthththththhhhhttthhhttthhtt,thththhththhtttthhhhthtttthhhhththththhhhtthhhhtthtthttthtththththtththtthththththhhhhttthhhttthhtt,1,"[0, 0, 0, 0, 0, 0, 0, 0, 0, 0, 0, 0, 0, 0, 0, 0, 0, 0, 0, 0, 0, 0, 0, 0, 0, 0, 0, 0, 0, 0, 0, 0, 0, 0, 0, 0, 0, 0, 0, 0, 0, 0, 0, 0, 0, 0, 0, 0, 0, 0, 0, 0, 0, 0, 0, 0, 0, 0, 0, 0, 0, 0, 0, 0, 0, 0, 0, 0, 0, 0, 0, 0, 0, 0, 0, 0, 0, 0, 0, 0, 0, 0, 0, 0, 0, 0, 0, 0, 0, 0, 0, 0, 0, 0, 0, 0, 0, 0, 0]","[0, 0, 0, 0, 0, 0, 0, 0, 0, 0, 0, 0, 0, 0, 0, 0, 0, 0, 0, 0, 0, 0, 0, 0, 0, 0, 0, 0, 0, 0, 0, 0, 0, 0, 0, 0, 0, 0, 0, 0, 0, 0, 0, 0, 0, 0, 0, 0, 0, 0, 0, 0, 0, 0, 0, 0, 0, 0, 0, 0, 0, 0, 0, 0, 0, 0, 0, 0, 0, 0, 0, 0, 0, 0, 0, 0, 0, 0, 0, 0, 0, 0, 0, 0, 0, 0, 0, 0, 0, 0, 0, 0, 0, 0, 0, 0, 0, 0, 0]",
55,ingeborgR,55,marathon,hthhhththhtthhhtththththtthhthttttttthththtttthtththththtttthhhhtththhththhhhhthtttthhhttttthhtttthh,hthhhththhtthhhtththththtthhthttttttthththtttthtththththtttthhhhtththhththxhhhhthtttthhhttttthhtttthh,hthhhththhtthhhtththththtthhthttttttthththtttthtththththtttthhhhtththhththhhhhthtttthhhttttthhtttthh,hthhhththhtthhhtththththtthhthttttttthththtttthtththththtttthhhhtththhththhhhhthtttthhhttttthhtttthh,hthhhththhtthhhtththththtthhthttttttthththtttthtththththtttthhhhtththhththhhhhthtttthhhttttthhtttthh,1,"[0, 0, 0, 0, 0, 0, 0, 0, 0, 0, 0, 0, 0, 0, 0, 0, 0, 0, 0, 0, 0, 0, 0, 0, 0, 0, 0, 0, 0, 0, 0, 0, 0, 0, 0, 0, 0, 0, 0, 0, 0, 0, 0, 0, 0, 0, 0, 0, 0, 0, 0, 0, 0, 0, 0, 0, 0, 0, 0, 0, 0, 0, 0, 0, 0, 0, 0, 0, 0, 0, 0, 0, 0, 0, 0, 0, 0, 0, 0, 0, 0, 0, 0, 0, 0, 0, 0, 0, 0, 0, 0, 0, 0, 0, 0, 0, 0, 0, 0, 0]","[0, 0, 0, 0, 0, 0, 0, 0, 0, 0, 0, 0, 0, 0, 0, 0, 0, 0, 0, 0, 0, 0, 0, 0, 0, 0, 0, 0, 0, 0, 0, 0, 0, 0, 0, 0, 0, 0, 0, 0, 0, 0, 0, 0, 0, 0, 0, 0, 0, 0, 0, 0, 0, 0, 0, 0, 0, 0, 0, 0, 0, 0, 0, 0, 0, 0, 0, 0, 0, 0, 0, 0, 0, 0, 0, 0, 0, 0, 0, 0, 0, 0, 0, 0, 0, 0, 0, 0, 0, 0, 0, 0, 0, 0, 0, 0, 0, 0, 0, 0]",
56,madlenH,3,marathon,thhhhhthttthttttttthttttthhhhhtthhhhhhhtttthhththhhhtttthtthtthhhhttttthhhttththhthhtthtthttttthhhhh,thhhhhthxttthtttttttxhtttxtthhhhhtthhhhhhhtttthhthxthxhhxxhttxtthtthtthxhhhttxttthhxhxttththhthhtthxtxthttttthhhhh,thhhhhthttthttttttthttttthhhhhtthhhhhhhtttthhththhhhtttthtthtthhhhttttthhhttththhthhtthtthttttthhhhh,thhhhhthttthttttttthttttthhhhhtthhhhhhhtttthhththhhhtttthtthtthhhhttttthhhttththhthhtthtthttttthhhhh,thhhhhthttthttttttthttttthhhhhtthhhhhhhtttthhththhhhtttthtthtthhhhttttthhhttththhthhtthtthttttthhhhh,1,"[0, 0, 0, 0, 0, 0, 0, 0, 0, 0, 0, 0, 0, 0, 0, 0, 0, 0, 0, 0, 0, 0, 0, 0, 0, 0, 0, 0, 0, 0, 0, 0, 0, 0, 0, 0, 0, 0, 0, 0, 0, 0, 0, 0, 0, 0, 0, 0, 0, 0, 0, 0, 0, 0, 0, 0, 0, 0, 0, 0, 0, 0, 0, 0, 0, 0, 0, 0, 0, 0, 0, 0, 0, 0, 0, 0, 0, 0, 0, 0, 0, 0, 0, 0, 0, 0, 0, 0, 0, 0, 0, 0, 0, 0, 0, 0, 0, 0, 0, 0]","[0, 0, 0, 0, 0, 0, 0, 0, 0, 0, 0, 0, 0, 0, 0, 0, 0, 0, 0, 0, 0, 0, 0, 0, 0, 0, 0, 0, 0, 0, 0, 0, 0, 0, 0, 0, 0, 0, 0, 0, 0, 0, 0, 0, 0, 0, 0, 0, 0, 0, 0, 0, 0, 0, 0, 0, 0, 0, 0, 0, 0, 0, 0, 0, 0, 0, 0, 0, 0, 0, 0, 0, 0, 0, 0, 0, 0, 0, 0, 0, 0, 0, 0, 0, 0, 0, 0, 0, 0, 0, 0, 0, 0, 0, 0, 0, 0, 0, 0, 0]",
57,henrikG,35,marathon,tttththhtttththttthtthththththhhtttthhhhththhthhthhttthhhhhhththtthttttttttththhthhhthhtthhtth,xtttththxhtttththttthtthththththhhtttthhhhththhthhthxxhttthhhhhhththtthxxtttttttththhthhhthhtthhtth,hhhhthtthhhhththhhthhththththttthhhhtttththtthtthtthhhtttttthththhthhhhhhhhhthtthttthtthhtthht,hhhhthtthhhhththhhthhththththttthhhhtttththtthtthtthhhtttttthththhthhhhhhhhhthtthttthtthhtthht,tttththhtttththttthtthththththhhtttthhhhththhthhthhttthhhhhhththtthtttttttththhthhhthhtthhtth,0,"[1, 1, 1, 1, 1, 1, 1, 1, 1, 1, 1, 1, 1, 1, 1, 1, 1, 1, 1, 1, 1, 1, 1, 1, 1, 1, 1, 1, 1, 1, 1, 1, 1, 1, 1, 1, 1, 1, 1, 1, 1, 1, 1, 1, 1, 1, 1, 1, 1, 1, 1, 1, 1, 1, 1, 1, 1, 1, 1, 1, 1, 1, 1, 1, 1, 1, 1, 1, 1, 1, 1, 1, 1, 1, 1, 0, 0, 0, 1, 0, 0, 1, 1, 0, 0, 1, 0, 1, 0, 1, 0, 1, 0]","[0, 1, 1, 1, 0, 0, 0, 1, 0, 1, 1, 1, 0, 0, 0, 0, 1, 1, 0, 0, 1, 0, 0, 0, 0, 0, 0, 0, 0, 0, 1, 1, 0, 1, 1, 1, 0, 1, 1, 1, 0, 0, 0, 0, 1, 0, 0, 1, 0, 0, 1, 0, 1, 1, 0, 1, 1, 1, 1, 1, 0, 0, 0, 0, 0, 1, 0, 0, 1, 1, 1, 1, 1, 1, 1, 0, 1, 1, 0, 0, 1, 0, 1, 0, 1, 0, 0, 0, 0, 0, 0, 0, 0, 0, 0]",x
58,adamF,36,marathon,thhthtttththhhhthhhtthhhtththhhhhttththtthhhhhhthhtthhhthhthhthhhhtttttththhthtththhtthhhtththhth,httthttththhhhhhtthtthhhthtthhhhhhhhthhhhhxhhtttthhthhhhtthxththtthhhtttthhtththtttttthtthhtthtthhhthh,htththhhhthtttthttthhttthhthttttthhhththhtttttthtthhttthtthtthtttthhhhhhthtththhthtthhttthhthttht,htththhhhthtttthttthhttthhthttttthhhththhtttttthtthhttthtthtthtttthhhhhhthtththhthtthhttthhthttht,httthttththhhhhhtthtthhhthtthhhhhhhhthhhhhhhtttthhthhhhtthththtthhhtttthhtththtttttthtthhtthtthhhthh,0,"[0, 0, 0, 1, 1, 1, 1, 1, 0, 0, 0, 1, 1, 1, 1, 0, 0, 0, 1, 1, 1, 1, 1, 1, 1, 0, 0, 1, 1, 1, 1, 1, 1, 0, 0, 0, 0, 0, 1, 0, 0, 1, 1, 1, 0, 0, 0, 1, 1, 1, 1, 0, 1, 1, 1, 1, 0, 1, 1, 1, 0, 0, 0, 0, 1, 1, 0, 1, 1, 1, 1, 0, 1, 1, 0, 1, 1, 1, 1, 1, 0, 1, 0, 0, 0, 1, 0, 1, 1, 1, 1, 1, 1, 0, 1, 0, 1]","[0, 0, 0, 0, 0, 0, 0, 0, 0, 1, 0, 0, 1, 0, 1, 1, 0, 0, 0, 0, 0, 1, 0, 0, 0, 0, 0, 0, 0, 0, 1, 0, 1, 1, 1, 1, 0, 0, 0, 0, 1, 0, 1, 0, 1, 0, 0, 0, 1, 1, 0, 0, 1, 1, 0, 1, 0, 1, 0, 0, 0, 1, 1, 0, 1, 0, 1, 0, 0, 0, 1, 0, 0, 1, 1, 0, 0, 0, 0, 0, 0, 0, 1, 1, 0, 0, 0, 0, 0, 0, 0, 0, 1, 1, 1, 1, 0, 1, 0, 0, 1]",x
59,jillR,55,marathon,hthhhthhtthhhhtthhthhhtthhhhtttttthhhhtttttthtthhhhthhhtthhhhththhtthtthtthttttthtttthtththhtthhtth,thhhxthhttxhhhhtthhthhhtthhhhttxtttthhhhtttttthtthhhhxtxhhhtthhhhththhtthtthtttxtthtxttthtththhtthhtth,thttthtthhtttthhtthttthhtttthhhhhhtttthhhhhhthhtttthttthhtttththtthhthhthhthhhhhthhhhthhthtthhtthht,thttthtthhtttthhtthttthhtttthhhhhhtttthhhhhhthhtttthttthhtttththtthhthhthhthhhhhthhhhthhthtthhtthht,thhhthhtthhhhtthhthhhtthhhhtttttthhhhtttttthtthhhhthhhtthhhhththhtthtthttttthtttthtththhtthhtth,0,"[0, 0, 1, 1, 0, 0, 1, 0, 1, 0, 1, 1, 1, 0, 1, 0, 1, 0, 0, 1, 1, 0, 1, 0, 1, 1, 1, 0, 1, 1, 1, 1, 1, 0, 1, 1, 1, 0, 1, 1, 1, 1, 1, 0, 0, 1, 0, 1, 1, 1, 0, 0, 1, 1, 0, 1, 0, 1, 1, 1, 0, 0, 0, 0, 1, 0, 1, 0, 0, 1, 0, 0, 1, 1, 0, 1, 0, 1, 1, 1, 0, 0, 1, 1, 0, 0, 0, 0, 0, 1, 1, 1, 1, 1, 1]","[0, 0, 0, 0, 0, 0, 1, 0, 0, 0, 0, 0, 1, 1, 0, 0, 0, 0, 0, 1, 0, 1, 0, 0, 0, 0, 1, 1, 0, 0, 1, 1, 1, 1, 0, 0, 1, 1, 0, 0, 1, 1, 1, 1, 0, 1, 0, 0, 0, 1, 1, 0, 1, 0, 1, 0, 0, 0, 0, 1, 1, 0, 1, 1, 1, 0, 0, 0, 0, 1, 0, 0, 1, 0, 0, 1, 1, 1, 1, 0, 0, 1, 1, 1, 0, 0, 1, 0, 0, 0, 1, 0, 1, 0, 1, 0, 1, 0, 0]",x
