person,error,coded
pierreG,0,1
pierreG,0,1
pierreG,0,1
pierreG,0,1
pierreG,0,1
pierreG,0,1
pierreG,0,1
pierreG,0,1
pierreG,0,1
pierreG,0,1
pierreG,0,1
pierreG,0,1
pierreG,0,1
pierreG,0,1
pierreG,0,1
pierreG,0,1
pierreG,0,1
pierreG,0,1
pierreG,0,1
pierreG,0,1
pierreG,0,1
pierreG,0,1
pierreG,0,1
pierreG,0,1
pierreG,0,1
pierreG,0,1
pierreG,0,1
pierreG,0,1
pierreG,0,1
pierreG,0,1
pierreG,0,1
pierreG,0,1
pierreG,0,1
pierreG,0,1
pierreG,0,1
pierreG,0,1
pierreG,0,1
pierreG,0,1
pierreG,0,1
pierreG,0,1
pierreG,0,1
pierreG,0,1
pierreG,0,1
pierreG,0,1
pierreG,0,1
pierreG,0,1
pierreG,0,1
pierreG,0,1
pierreG,0,1
pierreG,0,1
pierreG,0,1
pierreG,0,1
pierreG,0,1
pierreG,0,1
pierreG,0,1
pierreG,0,1
pierreG,0,1
pierreG,0,1
pierreG,0,1
pierreG,0,1
pierreG,0,1
pierreG,0,1
pierreG,0,1
pierreG,0,1
pierreG,0,1
pierreG,0,1
pierreG,0,1
pierreG,0,1
pierreG,0,1
pierreG,0,1
pierreG,0,1
pierreG,0,1
pierreG,0,1
pierreG,0,1
pierreG,0,1
pierreG,0,1
pierreG,0,1
pierreG,0,1
pierreG,0,1
pierreG,0,1
pierreG,0,1
pierreG,0,1
pierreG,0,1
pierreG,0,1
pierreG,0,1
pierreG,0,1
pierreG,0,1
pierreG,0,1
pierreG,0,1
pierreG,0,1
pierreG,0,1
pierreG,0,1
pierreG,0,1
pierreG,0,1
pierreG,0,1
pierreG,0,1
pierreG,0,1
pierreG,0,1
pierreG,0,1
pierreG,0,1
pierreG,0,1
davidV,0,2
davidV,0,2
davidV,0,2
davidV,0,2
davidV,0,2
davidV,0,2
davidV,0,2
davidV,0,2
davidV,0,2
davidV,0,2
davidV,0,2
davidV,0,2
davidV,0,2
davidV,0,2
davidV,0,2
davidV,0,2
davidV,0,2
davidV,0,2
davidV,0,2
davidV,0,2
davidV,0,2
davidV,0,2
davidV,0,2
davidV,0,2
davidV,0,2
davidV,0,2
davidV,0,2
davidV,0,2
davidV,0,2
davidV,0,2
davidV,0,2
davidV,0,2
davidV,0,2
davidV,0,2
davidV,0,2
davidV,0,2
davidV,0,2
davidV,0,2
davidV,0,2
davidV,0,2
davidV,0,2
davidV,0,2
davidV,0,2
davidV,0,2
davidV,0,2
davidV,0,2
davidV,0,2
davidV,0,2
davidV,0,2
davidV,0,2
davidV,0,2
davidV,0,2
davidV,0,2
davidV,0,2
davidV,0,2
davidV,0,2
davidV,0,2
davidV,0,2
davidV,0,2
davidV,0,2
davidV,0,2
davidV,0,2
davidV,0,2
davidV,0,2
davidV,0,2
davidV,0,2
davidV,0,2
davidV,0,2
davidV,0,2
davidV,0,2
davidV,0,2
davidV,0,2
davidV,0,2
davidV,0,2
davidV,0,2
davidV,0,2
davidV,0,2
davidV,0,2
davidV,0,2
davidV,0,2
davidV,0,2
davidV,0,2
davidV,0,2
davidV,0,2
davidV,0,2
davidV,0,2
davidV,0,2
davidV,0,2
davidV,0,2
davidV,0,2
davidV,0,2
davidV,0,2
davidV,0,2
davidV,0,2
davidV,0,2
davidV,0,2
davidV,0,2
davidV,0,2
davidV,0,2
davidV,0,2
kaleemU,0,3
kaleemU,0,3
kaleemU,0,3
kaleemU,0,3
kaleemU,0,3
kaleemU,0,3
kaleemU,0,3
kaleemU,0,3
kaleemU,0,3
kaleemU,0,3
kaleemU,0,3
kaleemU,0,3
kaleemU,0,3
kaleemU,0,3
kaleemU,0,3
kaleemU,0,3
kaleemU,0,3
kaleemU,0,3
kaleemU,0,3
kaleemU,0,3
kaleemU,0,3
kaleemU,0,3
kaleemU,0,3
kaleemU,0,3
kaleemU,0,3
kaleemU,0,3
kaleemU,0,3
kaleemU,0,3
kaleemU,0,3
kaleemU,0,3
kaleemU,0,3
kaleemU,1,3
kaleemU,0,3
kaleemU,0,3
kaleemU,0,3
kaleemU,0,3
kaleemU,0,3
kaleemU,0,3
kaleemU,0,3
kaleemU,0,3
kaleemU,0,3
kaleemU,0,3
kaleemU,0,3
kaleemU,0,3
kaleemU,0,3
kaleemU,0,3
kaleemU,0,3
kaleemU,0,3
kaleemU,0,3
kaleemU,0,3
kaleemU,0,3
kaleemU,0,3
kaleemU,0,3
kaleemU,0,3
kaleemU,0,3
kaleemU,0,3
kaleemU,0,3
kaleemU,0,3
kaleemU,0,3
kaleemU,0,3
kaleemU,0,3
kaleemU,0,3
kaleemU,0,3
kaleemU,0,3
kaleemU,0,3
kaleemU,0,3
kaleemU,0,3
kaleemU,0,3
kaleemU,0,3
kaleemU,0,3
kaleemU,0,3
kaleemU,0,3
kaleemU,0,3
kaleemU,0,3
kaleemU,0,3
kaleemU,0,3
kaleemU,0,3
kaleemU,0,3
kaleemU,0,3
kaleemU,0,3
kaleemU,0,3
kaleemU,0,3
kaleemU,0,3
kaleemU,0,3
kaleemU,0,3
kaleemU,0,3
kaleemU,0,3
kaleemU,0,3
kaleemU,0,3
kaleemU,0,3
kaleemU,0,3
kaleemU,0,3
kaleemU,0,3
kaleemU,0,3
kaleemU,0,3
kaleemU,0,3
kaleemU,0,3
kaleemU,0,3
kaleemU,0,3
kaleemU,0,3
davidKL,0,4
davidKL,0,4
davidKL,0,4
davidKL,0,4
davidKL,0,4
davidKL,0,4
davidKL,0,4
davidKL,0,4
davidKL,0,4
davidKL,0,4
davidKL,0,4
davidKL,0,4
davidKL,0,4
davidKL,0,4
davidKL,0,4
davidKL,0,4
davidKL,0,4
davidKL,0,4
davidKL,0,4
davidKL,0,4
davidKL,0,4
davidKL,0,4
davidKL,0,4
davidKL,0,4
davidKL,0,4
davidKL,0,4
davidKL,0,4
davidKL,0,4
davidKL,0,4
davidKL,0,4
davidKL,0,4
davidKL,0,4
davidKL,0,4
davidKL,0,4
davidKL,0,4
davidKL,0,4
davidKL,0,4
davidKL,0,4
davidKL,0,4
davidKL,0,4
davidKL,0,4
davidKL,0,4
davidKL,0,4
davidKL,0,4
davidKL,0,4
davidKL,0,4
davidKL,0,4
davidKL,0,4
davidKL,0,4
davidKL,0,4
davidKL,0,4
davidKL,0,4
davidKL,0,4
davidKL,0,4
davidKL,0,4
davidKL,0,4
davidKL,0,4
davidKL,0,4
davidKL,0,4
davidKL,0,4
davidKL,0,4
davidKL,0,4
davidKL,0,4
davidKL,0,4
davidKL,0,4
davidKL,0,4
davidKL,0,4
davidKL,0,4
davidKL,0,4
davidKL,0,4
davidKL,0,4
davidKL,0,4
davidKL,0,4
davidKL,0,4
davidKL,0,4
davidKL,0,4
davidKL,0,4
davidKL,0,4
davidKL,0,4
davidKL,0,4
davidKL,0,4
davidKL,0,4
davidKL,0,4
davidKL,0,4
davidKL,0,4
davidKL,0,4
davidKL,0,4
davidKL,0,4
davidKL,0,4
davidKL,0,4
davidKL,0,4
davidKL,0,4
davidKL,0,4
davidKL,0,4
davidKL,0,4
davidKL,0,4
davidKL,0,4
davidKL,0,4
davidKL,0,4
davidKL,0,4
davidKL,0,4
davidKL,0,4
davidKL,0,4
ingeborgR,0,5
ingeborgR,0,5
ingeborgR,0,5
ingeborgR,0,5
ingeborgR,0,5
ingeborgR,0,5
ingeborgR,0,5
ingeborgR,0,5
ingeborgR,0,5
ingeborgR,0,5
ingeborgR,0,5
ingeborgR,0,5
ingeborgR,0,5
ingeborgR,0,5
ingeborgR,0,5
ingeborgR,0,5
ingeborgR,0,5
ingeborgR,0,5
ingeborgR,0,5
ingeborgR,0,5
ingeborgR,0,5
ingeborgR,0,5
ingeborgR,0,5
ingeborgR,0,5
ingeborgR,0,5
ingeborgR,1,5
ingeborgR,0,5
ingeborgR,0,5
ingeborgR,0,5
ingeborgR,0,5
ingeborgR,0,5
ingeborgR,0,5
ingeborgR,0,5
ingeborgR,0,5
ingeborgR,0,5
ingeborgR,0,5
ingeborgR,0,5
ingeborgR,0,5
ingeborgR,0,5
ingeborgR,0,5
ingeborgR,0,5
ingeborgR,0,5
ingeborgR,0,5
ingeborgR,0,5
ingeborgR,0,5
ingeborgR,0,5
ingeborgR,0,5
ingeborgR,0,5
ingeborgR,0,5
ingeborgR,0,5
ingeborgR,0,5
ingeborgR,0,5
ingeborgR,1,5
ingeborgR,0,5
ingeborgR,0,5
ingeborgR,0,5
ingeborgR,0,5
ingeborgR,0,5
ingeborgR,0,5
ingeborgR,0,5
ingeborgR,0,5
ingeborgR,0,5
ingeborgR,0,5
ingeborgR,0,5
ingeborgR,0,5
ingeborgR,0,5
ingeborgR,0,5
ingeborgR,0,5
ingeborgR,0,5
ingeborgR,0,5
ingeborgR,0,5
ingeborgR,0,5
ingeborgR,0,5
ingeborgR,0,5
ingeborgR,0,5
ingeborgR,0,5
ingeborgR,0,5
ingeborgR,0,5
ingeborgR,0,5
ingeborgR,0,5
ingeborgR,0,5
ingeborgR,0,5
ingeborgR,0,5
ingeborgR,0,5
ingeborgR,0,5
ingeborgR,0,5
ingeborgR,0,5
ingeborgR,0,5
ingeborgR,0,5
ingeborgR,0,5
ingeborgR,0,5
ingeborgR,0,5
ingeborgR,0,5
ingeborgR,0,5
ingeborgR,0,5
ingeborgR,0,5
ingeborgR,0,5
ingeborgR,0,5
ingeborgR,0,5
ingeborgR,0,5
ingeborgR,0,5
henrikG,0,6
henrikG,0,6
henrikG,0,6
henrikG,0,6
henrikG,0,6
henrikG,0,6
henrikG,0,6
henrikG,0,6
henrikG,0,6
henrikG,0,6
henrikG,0,6
henrikG,0,6
henrikG,0,6
henrikG,0,6
henrikG,0,6
henrikG,0,6
henrikG,0,6
henrikG,0,6
henrikG,0,6
henrikG,0,6
henrikG,0,6
henrikG,0,6
henrikG,0,6
henrikG,0,6
henrikG,0,6
henrikG,0,6
henrikG,0,6
henrikG,0,6
henrikG,0,6
henrikG,0,6
henrikG,0,6
henrikG,0,6
henrikG,0,6
henrikG,0,6
henrikG,0,6
henrikG,0,6
henrikG,0,6
henrikG,0,6
henrikG,0,6
henrikG,0,6
henrikG,0,6
henrikG,0,6
henrikG,0,6
henrikG,0,6
henrikG,0,6
henrikG,0,6
henrikG,0,6
henrikG,0,6
henrikG,0,6
henrikG,0,6
henrikG,0,6
henrikG,0,6
henrikG,0,6
henrikG,0,6
henrikG,0,6
henrikG,0,6
henrikG,0,6
henrikG,0,6
henrikG,0,6
henrikG,0,6
henrikG,0,6
henrikG,0,6
henrikG,0,6
henrikG,0,6
henrikG,0,6
henrikG,0,6
henrikG,0,6
henrikG,0,6
henrikG,0,6
henrikG,0,6
henrikG,0,6
henrikG,0,6
henrikG,0,6
henrikG,0,6
henrikG,0,6
henrikG,0,6
henrikG,0,6
henrikG,0,6
henrikG,0,6
henrikG,0,6
henrikG,0,6
henrikG,0,6
henrikG,0,6
henrikG,0,6
henrikG,0,6
henrikG,0,6
henrikG,0,6
henrikG,0,6
henrikG,0,6
henrikG,0,6
henrikG,0,6
henrikG,0,6
henrikG,0,6
henrikG,0,6
henrikG,0,6
henrikG,0,6
henrikG,0,6
henrikG,0,6
henrikG,0,6
henrikG,0,6
adamF,0,7
adamF,0,7
adamF,0,7
adamF,0,7
adamF,1,7
adamF,1,7
adamF,0,7
adamF,0,7
adamF,0,7
adamF,0,7
adamF,0,7
adamF,0,7
adamF,0,7
adamF,0,7
adamF,0,7
adamF,0,7
adamF,0,7
adamF,0,7
adamF,0,7
adamF,0,7
adamF,0,7
adamF,0,7
adamF,0,7
adamF,0,7
adamF,0,7
adamF,0,7
adamF,1,7
adamF,0,7
adamF,0,7
adamF,0,7
adamF,0,7
adamF,0,7
adamF,0,7
adamF,0,7
adamF,0,7
adamF,0,7
adamF,0,7
adamF,0,7
adamF,0,7
adamF,0,7
adamF,0,7
adamF,0,7
adamF,0,7
adamF,0,7
adamF,0,7
adamF,0,7
adamF,0,7
adamF,0,7
adamF,0,7
adamF,0,7
adamF,0,7
adamF,0,7
adamF,0,7
adamF,0,7
adamF,0,7
adamF,0,7
adamF,0,7
adamF,0,7
adamF,0,7
adamF,0,7
adamF,0,7
adamF,0,7
adamF,0,7
adamF,0,7
adamF,0,7
adamF,0,7
adamF,0,7
adamF,0,7
adamF,0,7
adamF,0,7
adamF,0,7
adamF,0,7
adamF,0,7
adamF,0,7
adamF,0,7
adamF,0,7
adamF,0,7
adamF,0,7
adamF,0,7
adamF,0,7
adamF,1,7
adamF,0,7
adamF,0,7
adamF,0,7
adamF,0,7
adamF,0,7
adamF,0,7
adamF,0,7
adamF,0,7
adamF,0,7
adamF,0,7
adamF,0,7
adamF,0,7
adamF,0,7
adamF,0,7
jillR,0,8
jillR,0,8
jillR,0,8
jillR,0,8
jillR,0,8
jillR,0,8
jillR,0,8
jillR,0,8
jillR,0,8
jillR,0,8
jillR,0,8
jillR,0,8
jillR,0,8
jillR,0,8
jillR,0,8
jillR,0,8
jillR,0,8
jillR,0,8
jillR,0,8
jillR,0,8
jillR,0,8
jillR,0,8
jillR,0,8
jillR,0,8
jillR,0,8
jillR,0,8
jillR,0,8
jillR,0,8
jillR,0,8
jillR,0,8
jillR,0,8
jillR,0,8
jillR,0,8
jillR,0,8
jillR,0,8
jillR,0,8
jillR,0,8
jillR,0,8
jillR,0,8
jillR,0,8
jillR,0,8
jillR,0,8
jillR,0,8
jillR,0,8
jillR,0,8
jillR,0,8
jillR,0,8
jillR,0,8
jillR,0,8
jillR,0,8
jillR,0,8
jillR,0,8
jillR,0,8
jillR,0,8
jillR,0,8
jillR,0,8
jillR,0,8
jillR,0,8
jillR,0,8
jillR,0,8
jillR,0,8
jillR,0,8
jillR,0,8
jillR,0,8
jillR,0,8
jillR,0,8
jillR,0,8
jillR,0,8
jillR,0,8
jillR,0,8
jillR,0,8
jillR,0,8
jillR,0,8
jillR,0,8
jillR,0,8
jillR,0,8
jillR,0,8
jillR,0,8
jillR,0,8
jillR,0,8
jillR,0,8
jillR,0,8
jillR,0,8
jillR,0,8
jillR,0,8
jillR,0,8
jillR,0,8
jillR,0,8
jillR,0,8
jillR,0,8
jillR,0,8
jillR,0,8
jillR,0,8
jillR,0,8
jillR,0,8
jillR,0,8
jillR,0,8
jillR,0,8
jillR,0,8
pierreG,0,1
pierreG,0,1
pierreG,0,1
pierreG,0,1
pierreG,0,1
pierreG,0,1
pierreG,0,1
pierreG,0,1
pierreG,0,1
pierreG,0,1
pierreG,0,1
pierreG,0,1
pierreG,0,1
pierreG,0,1
pierreG,0,1
pierreG,0,1
pierreG,0,1
pierreG,0,1
pierreG,0,1
pierreG,0,1
pierreG,0,1
pierreG,0,1
pierreG,0,1
pierreG,0,1
pierreG,0,1
pierreG,0,1
pierreG,0,1
pierreG,0,1
pierreG,0,1
pierreG,0,1
pierreG,0,1
pierreG,0,1
pierreG,0,1
pierreG,0,1
pierreG,0,1
pierreG,0,1
pierreG,0,1
pierreG,0,1
pierreG,0,1
pierreG,0,1
pierreG,0,1
pierreG,0,1
pierreG,0,1
pierreG,0,1
pierreG,0,1
pierreG,0,1
pierreG,0,1
pierreG,0,1
pierreG,0,1
pierreG,0,1
pierreG,0,1
pierreG,0,1
pierreG,0,1
pierreG,0,1
pierreG,0,1
pierreG,0,1
pierreG,0,1
pierreG,0,1
pierreG,0,1
pierreG,0,1
pierreG,0,1
pierreG,0,1
pierreG,0,1
pierreG,0,1
pierreG,0,1
pierreG,0,1
pierreG,0,1
pierreG,0,1
pierreG,0,1
pierreG,0,1
pierreG,0,1
pierreG,0,1
pierreG,0,1
pierreG,0,1
pierreG,0,1
pierreG,0,1
pierreG,0,1
pierreG,0,1
pierreG,0,1
pierreG,0,1
pierreG,0,1
pierreG,0,1
pierreG,0,1
pierreG,0,1
pierreG,0,1
pierreG,0,1
pierreG,0,1
pierreG,0,1
pierreG,0,1
pierreG,0,1
pierreG,0,1
pierreG,0,1
pierreG,0,1
pierreG,0,1
pierreG,0,1
pierreG,0,1
pierreG,0,1
pierreG,0,1
pierreG,0,1
pierreG,0,1
amirS,0,9
amirS,0,9
amirS,0,9
amirS,0,9
amirS,0,9
amirS,1,9
amirS,0,9
amirS,1,9
amirS,1,9
amirS,0,9
amirS,1,9
amirS,1,9
amirS,0,9
amirS,0,9
amirS,0,9
amirS,0,9
amirS,0,9
amirS,0,9
amirS,0,9
amirS,0,9
amirS,0,9
amirS,0,9
amirS,0,9
amirS,0,9
amirS,0,9
amirS,0,9
amirS,0,9
amirS,0,9
amirS,0,9
amirS,0,9
amirS,0,9
amirS,0,9
amirS,0,9
amirS,0,9
amirS,0,9
amirS,0,9
amirS,0,9
amirS,0,9
amirS,0,9
amirS,0,9
amirS,0,9
amirS,0,9
amirS,0,9
amirS,0,9
amirS,0,9
amirS,0,9
amirS,0,9
amirS,0,9
amirS,0,9
amirS,0,9
amirS,0,9
amirS,0,9
amirS,0,9
amirS,0,9
amirS,0,9
amirS,0,9
amirS,0,9
amirS,0,9
amirS,0,9
amirS,0,9
amirS,0,9
amirS,0,9
amirS,0,9
amirS,0,9
amirS,0,9
amirS,0,9
amirS,0,9
amirS,0,9
amirS,0,9
amirS,0,9
amirS,0,9
amirS,0,9
amirS,0,9
amirS,0,9
amirS,0,9
amirS,0,9
amirS,0,9
amirS,0,9
amirS,0,9
amirS,0,9
amirS,0,9
amirS,0,9
amirS,0,9
amirS,0,9
amirS,0,9
amirS,0,9
amirS,1,9
amirS,0,9
amirS,0,9
amirS,0,9
amirS,0,9
amirS,0,9
amirS,0,9
amirS,0,9
amirS,0,9
amirS,0,9
amirS,0,9
amirS,0,9
amirS,0,9
amirS,0,9
amirS,0,9
amirS,0,9
davidV,0,2
davidV,0,2
davidV,0,2
davidV,0,2
davidV,0,2
davidV,0,2
davidV,0,2
davidV,0,2
davidV,0,2
davidV,0,2
davidV,0,2
davidV,0,2
davidV,0,2
davidV,0,2
davidV,0,2
davidV,0,2
davidV,0,2
davidV,0,2
davidV,0,2
davidV,0,2
davidV,0,2
davidV,0,2
davidV,0,2
davidV,0,2
davidV,0,2
davidV,0,2
davidV,0,2
davidV,0,2
davidV,0,2
davidV,0,2
davidV,0,2
davidV,0,2
davidV,0,2
davidV,0,2
davidV,0,2
davidV,0,2
davidV,0,2
davidV,0,2
davidV,0,2
davidV,0,2
davidV,0,2
davidV,0,2
davidV,0,2
davidV,0,2
davidV,0,2
davidV,0,2
davidV,0,2
davidV,0,2
davidV,0,2
davidV,0,2
davidV,0,2
davidV,0,2
davidV,0,2
davidV,0,2
davidV,0,2
davidV,0,2
davidV,0,2
davidV,0,2
davidV,0,2
davidV,0,2
davidV,0,2
davidV,0,2
davidV,0,2
davidV,0,2
davidV,0,2
davidV,0,2
davidV,0,2
davidV,0,2
davidV,0,2
davidV,0,2
davidV,0,2
davidV,0,2
davidV,0,2
davidV,0,2
davidV,0,2
davidV,0,2
davidV,0,2
davidV,0,2
davidV,0,2
davidV,0,2
davidV,0,2
davidV,0,2
davidV,0,2
davidV,0,2
davidV,0,2
davidV,0,2
davidV,0,2
davidV,0,2
davidV,0,2
davidV,0,2
davidV,0,2
davidV,0,2
davidV,0,2
davidV,0,2
davidV,0,2
davidV,0,2
davidV,0,2
davidV,0,2
davidV,0,2
davidV,0,2
davidV,0,2
davidV,0,2
frantisekB,0,10
frantisekB,0,10
frantisekB,0,10
frantisekB,0,10
frantisekB,0,10
frantisekB,0,10
frantisekB,0,10
frantisekB,0,10
frantisekB,0,10
frantisekB,0,10
frantisekB,0,10
frantisekB,0,10
frantisekB,0,10
frantisekB,0,10
frantisekB,0,10
frantisekB,0,10
frantisekB,0,10
frantisekB,0,10
frantisekB,0,10
frantisekB,0,10
frantisekB,0,10
frantisekB,0,10
frantisekB,0,10
frantisekB,0,10
frantisekB,0,10
frantisekB,0,10
frantisekB,0,10
frantisekB,0,10
frantisekB,0,10
frantisekB,0,10
frantisekB,1,10
frantisekB,1,10
frantisekB,0,10
frantisekB,0,10
frantisekB,0,10
frantisekB,0,10
frantisekB,0,10
frantisekB,0,10
frantisekB,0,10
frantisekB,0,10
frantisekB,0,10
frantisekB,0,10
frantisekB,0,10
frantisekB,0,10
frantisekB,0,10
frantisekB,0,10
frantisekB,0,10
frantisekB,0,10
frantisekB,0,10
frantisekB,0,10
frantisekB,0,10
frantisekB,0,10
frantisekB,0,10
frantisekB,0,10
frantisekB,0,10
frantisekB,0,10
frantisekB,0,10
frantisekB,0,10
frantisekB,0,10
frantisekB,0,10
frantisekB,0,10
frantisekB,0,10
frantisekB,0,10
frantisekB,0,10
frantisekB,0,10
frantisekB,0,10
frantisekB,0,10
frantisekB,0,10
frantisekB,0,10
frantisekB,0,10
frantisekB,0,10
frantisekB,0,10
frantisekB,0,10
frantisekB,0,10
frantisekB,0,10
frantisekB,0,10
frantisekB,0,10
frantisekB,0,10
frantisekB,0,10
frantisekB,0,10
frantisekB,0,10
frantisekB,0,10
frantisekB,0,10
frantisekB,0,10
frantisekB,0,10
frantisekB,0,10
frantisekB,0,10
frantisekB,0,10
frantisekB,0,10
frantisekB,0,10
frantisekB,0,10
frantisekB,0,10
frantisekB,1,10
frantisekB,0,10
frantisekB,1,10
frantisekB,0,10
frantisekB,0,10
frantisekB,0,10
frantisekB,0,10
frantisekB,0,10
frantisekB,1,10
frantisekB,0,10
henrikG,0,6
henrikG,0,6
henrikG,0,6
henrikG,0,6
henrikG,0,6
henrikG,0,6
henrikG,0,6
henrikG,0,6
henrikG,0,6
henrikG,0,6
henrikG,0,6
henrikG,0,6
henrikG,0,6
henrikG,0,6
henrikG,0,6
henrikG,0,6
henrikG,0,6
henrikG,0,6
henrikG,0,6
henrikG,0,6
henrikG,0,6
henrikG,0,6
henrikG,0,6
henrikG,0,6
henrikG,0,6
henrikG,0,6
henrikG,0,6
henrikG,0,6
henrikG,0,6
henrikG,0,6
henrikG,0,6
henrikG,0,6
henrikG,0,6
henrikG,0,6
henrikG,0,6
henrikG,0,6
henrikG,0,6
henrikG,0,6
henrikG,0,6
henrikG,0,6
henrikG,0,6
henrikG,0,6
henrikG,1,6
henrikG,0,6
henrikG,0,6
henrikG,0,6
henrikG,0,6
henrikG,0,6
henrikG,0,6
henrikG,0,6
henrikG,0,6
henrikG,0,6
henrikG,0,6
henrikG,0,6
henrikG,0,6
henrikG,0,6
henrikG,0,6
henrikG,0,6
henrikG,0,6
henrikG,0,6
henrikG,0,6
henrikG,0,6
henrikG,0,6
henrikG,0,6
henrikG,0,6
henrikG,0,6
henrikG,0,6
henrikG,0,6
henrikG,0,6
henrikG,0,6
henrikG,0,6
henrikG,0,6
henrikG,0,6
henrikG,0,6
henrikG,0,6
henrikG,0,6
henrikG,0,6
henrikG,0,6
henrikG,0,6
henrikG,0,6
henrikG,0,6
henrikG,0,6
henrikG,0,6
henrikG,0,6
henrikG,0,6
henrikG,0,6
henrikG,0,6
henrikG,0,6
henrikG,0,6
henrikG,0,6
henrikG,0,6
henrikG,0,6
henrikG,0,6
henrikG,0,6
henrikG,0,6
henrikG,0,6
henrikG,0,6
henrikG,0,6
henrikG,0,6
henrikG,0,6
henrikG,0,6
jillR,0,8
jillR,0,8
jillR,0,8
jillR,0,8
jillR,0,8
jillR,0,8
jillR,0,8
jillR,0,8
jillR,0,8
jillR,0,8
jillR,0,8
jillR,0,8
jillR,0,8
jillR,0,8
jillR,0,8
jillR,0,8
jillR,0,8
jillR,0,8
jillR,0,8
jillR,0,8
jillR,0,8
jillR,0,8
jillR,0,8
jillR,0,8
jillR,0,8
jillR,0,8
jillR,0,8
jillR,0,8
jillR,0,8
jillR,0,8
jillR,0,8
jillR,1,8
jillR,1,8
jillR,1,8
jillR,1,8
jillR,0,8
jillR,1,8
jillR,1,8
jillR,0,8
jillR,0,8
jillR,0,8
jillR,0,8
jillR,0,8
jillR,0,8
jillR,0,8
jillR,0,8
jillR,0,8
jillR,0,8
jillR,0,8
jillR,0,8
jillR,0,8
jillR,0,8
jillR,0,8
jillR,0,8
jillR,0,8
jillR,0,8
jillR,0,8
jillR,0,8
jillR,0,8
jillR,0,8
jillR,0,8
jillR,0,8
jillR,0,8
jillR,0,8
jillR,0,8
jillR,0,8
jillR,0,8
jillR,0,8
jillR,0,8
jillR,0,8
jillR,0,8
jillR,1,8
jillR,0,8
jillR,0,8
jillR,0,8
jillR,0,8
jillR,0,8
jillR,0,8
jillR,0,8
jillR,0,8
jillR,0,8
jillR,0,8
jillR,0,8
jillR,0,8
jillR,0,8
jillR,0,8
jillR,0,8
jillR,0,8
jillR,0,8
jillR,0,8
jillR,0,8
jillR,0,8
jillR,0,8
jillR,0,8
jillR,0,8
jillR,0,8
jillR,0,8
pierreG,0,1
pierreG,0,1
pierreG,0,1
pierreG,0,1
pierreG,0,1
pierreG,0,1
pierreG,0,1
pierreG,0,1
pierreG,0,1
pierreG,0,1
pierreG,0,1
pierreG,0,1
pierreG,0,1
pierreG,0,1
pierreG,0,1
pierreG,0,1
pierreG,0,1
pierreG,0,1
pierreG,0,1
pierreG,0,1
pierreG,0,1
pierreG,0,1
pierreG,0,1
pierreG,0,1
pierreG,0,1
pierreG,0,1
pierreG,0,1
pierreG,0,1
pierreG,0,1
pierreG,0,1
pierreG,0,1
pierreG,0,1
pierreG,0,1
pierreG,0,1
pierreG,0,1
pierreG,0,1
pierreG,0,1
pierreG,0,1
pierreG,0,1
pierreG,0,1
pierreG,0,1
pierreG,0,1
pierreG,0,1
pierreG,0,1
pierreG,0,1
pierreG,0,1
pierreG,0,1
pierreG,0,1
pierreG,0,1
pierreG,0,1
pierreG,0,1
pierreG,0,1
pierreG,0,1
pierreG,0,1
pierreG,0,1
pierreG,0,1
pierreG,0,1
pierreG,0,1
pierreG,0,1
pierreG,0,1
pierreG,0,1
pierreG,0,1
pierreG,0,1
pierreG,0,1
pierreG,0,1
pierreG,0,1
pierreG,0,1
pierreG,0,1
pierreG,0,1
pierreG,0,1
pierreG,0,1
pierreG,0,1
pierreG,0,1
pierreG,0,1
pierreG,0,1
pierreG,0,1
pierreG,0,1
pierreG,0,1
pierreG,0,1
pierreG,0,1
pierreG,0,1
pierreG,0,1
pierreG,0,1
pierreG,0,1
pierreG,0,1
pierreG,0,1
pierreG,0,1
pierreG,0,1
pierreG,0,1
pierreG,0,1
pierreG,0,1
pierreG,0,1
pierreG,0,1
pierreG,0,1
pierreG,0,1
pierreG,0,1
pierreG,0,1
pierreG,0,1
pierreG,0,1
pierreG,0,1
davidV,0,2
davidV,0,2
davidV,0,2
davidV,0,2
davidV,0,2
davidV,0,2
davidV,0,2
davidV,0,2
davidV,0,2
davidV,0,2
davidV,0,2
davidV,0,2
davidV,0,2
davidV,0,2
davidV,0,2
davidV,0,2
davidV,0,2
davidV,0,2
davidV,0,2
davidV,0,2
davidV,0,2
davidV,0,2
davidV,0,2
davidV,0,2
davidV,0,2
davidV,0,2
davidV,0,2
davidV,0,2
davidV,0,2
davidV,0,2
davidV,0,2
davidV,0,2
davidV,0,2
davidV,0,2
davidV,0,2
davidV,0,2
davidV,0,2
davidV,0,2
davidV,0,2
davidV,0,2
davidV,0,2
davidV,0,2
davidV,0,2
davidV,0,2
davidV,0,2
davidV,0,2
davidV,0,2
davidV,0,2
davidV,0,2
davidV,0,2
davidV,0,2
davidV,0,2
davidV,0,2
davidV,0,2
davidV,0,2
davidV,0,2
davidV,0,2
davidV,0,2
davidV,0,2
davidV,0,2
davidV,0,2
davidV,0,2
davidV,0,2
davidV,0,2
davidV,0,2
davidV,0,2
davidV,0,2
davidV,0,2
davidV,0,2
davidV,0,2
davidV,0,2
davidV,0,2
davidV,0,2
davidV,0,2
davidV,0,2
davidV,0,2
davidV,0,2
davidV,0,2
davidV,0,2
davidV,0,2
davidV,0,2
davidV,0,2
davidV,0,2
davidV,0,2
davidV,0,2
davidV,0,2
davidV,0,2
davidV,0,2
davidV,0,2
davidV,0,2
davidV,0,2
davidV,0,2
davidV,0,2
davidV,0,2
davidV,0,2
davidV,0,2
davidV,0,2
davidV,0,2
davidV,0,2
davidV,0,2
kaleemU,0,3
kaleemU,0,3
kaleemU,0,3
kaleemU,0,3
kaleemU,0,3
kaleemU,0,3
kaleemU,0,3
kaleemU,0,3
kaleemU,0,3
kaleemU,0,3
kaleemU,0,3
kaleemU,0,3
kaleemU,0,3
kaleemU,0,3
kaleemU,0,3
kaleemU,0,3
kaleemU,0,3
kaleemU,0,3
kaleemU,0,3
kaleemU,0,3
kaleemU,0,3
kaleemU,0,3
kaleemU,0,3
kaleemU,0,3
kaleemU,0,3
kaleemU,0,3
kaleemU,0,3
kaleemU,0,3
kaleemU,0,3
kaleemU,0,3
kaleemU,0,3
kaleemU,0,3
kaleemU,0,3
kaleemU,0,3
kaleemU,0,3
kaleemU,0,3
kaleemU,0,3
kaleemU,0,3
kaleemU,0,3
kaleemU,0,3
kaleemU,0,3
kaleemU,0,3
kaleemU,0,3
kaleemU,0,3
kaleemU,0,3
kaleemU,0,3
kaleemU,0,3
kaleemU,0,3
kaleemU,0,3
kaleemU,0,3
kaleemU,0,3
kaleemU,0,3
kaleemU,0,3
kaleemU,0,3
kaleemU,0,3
kaleemU,0,3
kaleemU,0,3
kaleemU,0,3
kaleemU,0,3
kaleemU,0,3
kaleemU,0,3
kaleemU,0,3
kaleemU,0,3
kaleemU,0,3
kaleemU,0,3
kaleemU,0,3
kaleemU,0,3
kaleemU,0,3
kaleemU,0,3
kaleemU,0,3
kaleemU,0,3
kaleemU,0,3
kaleemU,0,3
kaleemU,0,3
kaleemU,0,3
kaleemU,0,3
kaleemU,0,3
kaleemU,0,3
kaleemU,0,3
kaleemU,0,3
kaleemU,0,3
kaleemU,0,3
kaleemU,0,3
kaleemU,0,3
kaleemU,0,3
kaleemU,0,3
kaleemU,0,3
kaleemU,0,3
kaleemU,0,3
kaleemU,0,3
kaleemU,0,3
kaleemU,0,3
kaleemU,0,3
kaleemU,0,3
kaleemU,0,3
kaleemU,0,3
kaleemU,0,3
kaleemU,0,3
kaleemU,0,3
kaleemU,0,3
davidKL,0,4
davidKL,0,4
davidKL,0,4
davidKL,0,4
davidKL,0,4
davidKL,0,4
davidKL,0,4
davidKL,0,4
davidKL,0,4
davidKL,0,4
davidKL,0,4
davidKL,0,4
davidKL,0,4
davidKL,0,4
davidKL,0,4
davidKL,0,4
davidKL,0,4
davidKL,0,4
davidKL,0,4
davidKL,0,4
davidKL,0,4
davidKL,0,4
davidKL,0,4
davidKL,0,4
davidKL,0,4
davidKL,0,4
davidKL,0,4
davidKL,0,4
davidKL,0,4
davidKL,0,4
davidKL,0,4
davidKL,0,4
davidKL,0,4
davidKL,0,4
davidKL,0,4
davidKL,0,4
davidKL,0,4
davidKL,0,4
davidKL,0,4
davidKL,0,4
davidKL,0,4
davidKL,0,4
davidKL,0,4
davidKL,0,4
davidKL,0,4
davidKL,0,4
davidKL,0,4
davidKL,0,4
davidKL,0,4
davidKL,0,4
davidKL,0,4
davidKL,0,4
davidKL,0,4
davidKL,0,4
davidKL,0,4
davidKL,0,4
davidKL,0,4
davidKL,0,4
davidKL,0,4
davidKL,0,4
davidKL,0,4
davidKL,0,4
davidKL,0,4
davidKL,0,4
davidKL,0,4
davidKL,0,4
davidKL,0,4
davidKL,0,4
davidKL,0,4
davidKL,0,4
davidKL,0,4
davidKL,0,4
davidKL,0,4
davidKL,0,4
davidKL,0,4
davidKL,0,4
davidKL,0,4
davidKL,0,4
davidKL,0,4
davidKL,0,4
davidKL,0,4
davidKL,0,4
davidKL,0,4
davidKL,0,4
davidKL,0,4
davidKL,0,4
davidKL,0,4
davidKL,0,4
davidKL,0,4
davidKL,0,4
davidKL,0,4
davidKL,0,4
davidKL,0,4
davidKL,0,4
davidKL,0,4
davidKL,0,4
davidKL,0,4
davidKL,0,4
davidKL,0,4
davidKL,0,4
davidKL,0,4
frantisekB,0,10
frantisekB,0,10
frantisekB,0,10
frantisekB,0,10
frantisekB,0,10
frantisekB,0,10
frantisekB,0,10
frantisekB,0,10
frantisekB,0,10
frantisekB,0,10
frantisekB,0,10
frantisekB,0,10
frantisekB,0,10
frantisekB,0,10
frantisekB,0,10
frantisekB,0,10
frantisekB,0,10
frantisekB,0,10
frantisekB,0,10
frantisekB,0,10
frantisekB,0,10
frantisekB,0,10
frantisekB,0,10
frantisekB,0,10
frantisekB,0,10
frantisekB,0,10
frantisekB,0,10
frantisekB,1,10
frantisekB,1,10
frantisekB,1,10
frantisekB,0,10
frantisekB,0,10
frantisekB,1,10
frantisekB,1,10
frantisekB,0,10
frantisekB,1,10
frantisekB,0,10
frantisekB,0,10
frantisekB,0,10
frantisekB,0,10
frantisekB,0,10
frantisekB,0,10
frantisekB,0,10
frantisekB,0,10
frantisekB,0,10
frantisekB,0,10
frantisekB,0,10
frantisekB,0,10
frantisekB,0,10
frantisekB,0,10
frantisekB,0,10
frantisekB,0,10
frantisekB,0,10
frantisekB,0,10
frantisekB,0,10
frantisekB,0,10
frantisekB,0,10
frantisekB,0,10
frantisekB,0,10
frantisekB,0,10
frantisekB,0,10
frantisekB,0,10
frantisekB,0,10
frantisekB,0,10
frantisekB,0,10
frantisekB,0,10
frantisekB,0,10
frantisekB,0,10
frantisekB,0,10
frantisekB,0,10
frantisekB,0,10
frantisekB,0,10
frantisekB,0,10
frantisekB,1,10
frantisekB,0,10
frantisekB,0,10
frantisekB,0,10
frantisekB,0,10
frantisekB,0,10
frantisekB,0,10
frantisekB,0,10
frantisekB,0,10
frantisekB,0,10
frantisekB,0,10
frantisekB,0,10
frantisekB,0,10
frantisekB,0,10
frantisekB,0,10
frantisekB,0,10
frantisekB,0,10
frantisekB,0,10
frantisekB,0,10
frantisekB,0,10
frantisekB,0,10
frantisekB,0,10
frantisekB,0,10
frantisekB,0,10
frantisekB,0,10
frantisekB,0,10
frantisekB,0,10
frantisekB,0,10
frantisekB,0,10
ingeborgR,0,5
ingeborgR,0,5
ingeborgR,0,5
ingeborgR,0,5
ingeborgR,0,5
ingeborgR,0,5
ingeborgR,0,5
ingeborgR,0,5
ingeborgR,0,5
ingeborgR,0,5
ingeborgR,0,5
ingeborgR,0,5
ingeborgR,0,5
ingeborgR,0,5
ingeborgR,0,5
ingeborgR,0,5
ingeborgR,0,5
ingeborgR,0,5
ingeborgR,0,5
ingeborgR,0,5
ingeborgR,0,5
ingeborgR,0,5
ingeborgR,0,5
ingeborgR,0,5
ingeborgR,0,5
ingeborgR,0,5
ingeborgR,0,5
ingeborgR,0,5
ingeborgR,0,5
ingeborgR,0,5
ingeborgR,0,5
ingeborgR,0,5
ingeborgR,0,5
ingeborgR,0,5
ingeborgR,0,5
ingeborgR,0,5
ingeborgR,0,5
ingeborgR,0,5
ingeborgR,0,5
ingeborgR,0,5
ingeborgR,0,5
ingeborgR,0,5
ingeborgR,0,5
ingeborgR,0,5
ingeborgR,0,5
ingeborgR,0,5
ingeborgR,0,5
ingeborgR,0,5
ingeborgR,0,5
ingeborgR,0,5
ingeborgR,0,5
ingeborgR,0,5
ingeborgR,0,5
ingeborgR,0,5
ingeborgR,0,5
ingeborgR,0,5
ingeborgR,0,5
ingeborgR,0,5
ingeborgR,0,5
ingeborgR,0,5
ingeborgR,0,5
ingeborgR,0,5
ingeborgR,0,5
ingeborgR,0,5
ingeborgR,0,5
ingeborgR,0,5
ingeborgR,0,5
ingeborgR,0,5
ingeborgR,0,5
ingeborgR,0,5
ingeborgR,0,5
ingeborgR,0,5
ingeborgR,0,5
ingeborgR,0,5
ingeborgR,0,5
ingeborgR,0,5
ingeborgR,0,5
ingeborgR,0,5
ingeborgR,0,5
ingeborgR,0,5
ingeborgR,0,5
ingeborgR,0,5
ingeborgR,0,5
ingeborgR,0,5
ingeborgR,0,5
ingeborgR,0,5
ingeborgR,1,5
ingeborgR,0,5
ingeborgR,0,5
ingeborgR,0,5
ingeborgR,0,5
ingeborgR,0,5
ingeborgR,0,5
ingeborgR,0,5
ingeborgR,0,5
ingeborgR,0,5
ingeborgR,0,5
ingeborgR,0,5
ingeborgR,0,5
ingeborgR,0,5
ingeborgR,0,5
ingeborgR,0,5
madlenH,0,11
madlenH,0,11
madlenH,0,11
madlenH,0,11
madlenH,0,11
madlenH,0,11
madlenH,0,11
madlenH,0,11
madlenH,0,11
madlenH,0,11
madlenH,0,11
madlenH,0,11
madlenH,0,11
madlenH,0,11
madlenH,0,11
madlenH,0,11
madlenH,0,11
madlenH,0,11
madlenH,0,11
madlenH,0,11
madlenH,0,11
madlenH,0,11
madlenH,0,11
madlenH,0,11
madlenH,0,11
madlenH,0,11
madlenH,0,11
madlenH,0,11
madlenH,0,11
madlenH,0,11
madlenH,0,11
madlenH,0,11
madlenH,0,11
madlenH,0,11
madlenH,0,11
madlenH,0,11
madlenH,0,11
madlenH,0,11
madlenH,0,11
madlenH,0,11
madlenH,0,11
madlenH,0,11
madlenH,0,11
madlenH,0,11
madlenH,0,11
madlenH,0,11
madlenH,0,11
madlenH,0,11
madlenH,0,11
madlenH,0,11
madlenH,0,11
madlenH,0,11
madlenH,0,11
madlenH,0,11
madlenH,0,11
madlenH,0,11
madlenH,0,11
madlenH,0,11
madlenH,0,11
madlenH,0,11
madlenH,0,11
madlenH,0,11
madlenH,0,11
madlenH,0,11
madlenH,0,11
madlenH,0,11
madlenH,0,11
madlenH,0,11
madlenH,0,11
madlenH,0,11
madlenH,0,11
madlenH,0,11
madlenH,0,11
madlenH,0,11
madlenH,0,11
madlenH,0,11
madlenH,0,11
madlenH,0,11
madlenH,0,11
madlenH,0,11
madlenH,0,11
madlenH,0,11
madlenH,0,11
madlenH,0,11
madlenH,0,11
madlenH,0,11
madlenH,0,11
madlenH,0,11
madlenH,0,11
madlenH,0,11
madlenH,0,11
madlenH,0,11
madlenH,0,11
madlenH,0,11
madlenH,0,11
madlenH,0,11
madlenH,0,11
madlenH,0,11
madlenH,0,11
madlenH,0,11
madlenH,0,11
madlenH,0,11
madlenH,0,11
madlenH,0,11
madlenH,0,11
madlenH,0,11
madlenH,0,11
madlenH,0,11
henrikG,0,6
henrikG,0,6
henrikG,0,6
henrikG,0,6
henrikG,0,6
henrikG,0,6
henrikG,0,6
henrikG,0,6
henrikG,0,6
henrikG,0,6
henrikG,0,6
henrikG,0,6
henrikG,0,6
henrikG,0,6
henrikG,0,6
henrikG,0,6
henrikG,0,6
henrikG,0,6
henrikG,0,6
henrikG,0,6
henrikG,0,6
henrikG,0,6
henrikG,0,6
henrikG,0,6
henrikG,0,6
henrikG,0,6
henrikG,0,6
henrikG,0,6
henrikG,0,6
henrikG,0,6
henrikG,0,6
henrikG,0,6
henrikG,0,6
henrikG,0,6
henrikG,0,6
henrikG,0,6
henrikG,0,6
henrikG,0,6
henrikG,0,6
henrikG,0,6
henrikG,0,6
henrikG,0,6
henrikG,0,6
henrikG,0,6
henrikG,0,6
henrikG,0,6
henrikG,0,6
henrikG,0,6
henrikG,0,6
henrikG,0,6
henrikG,0,6
henrikG,0,6
henrikG,0,6
henrikG,0,6
henrikG,0,6
henrikG,0,6
henrikG,0,6
henrikG,0,6
henrikG,0,6
henrikG,0,6
henrikG,0,6
henrikG,0,6
henrikG,0,6
henrikG,0,6
henrikG,0,6
henrikG,0,6
henrikG,0,6
henrikG,0,6
henrikG,0,6
henrikG,0,6
henrikG,0,6
henrikG,0,6
henrikG,0,6
henrikG,0,6
henrikG,0,6
henrikG,0,6
henrikG,0,6
henrikG,0,6
henrikG,0,6
henrikG,0,6
henrikG,0,6
henrikG,0,6
henrikG,0,6
henrikG,0,6
henrikG,0,6
henrikG,0,6
henrikG,0,6
henrikG,0,6
henrikG,0,6
henrikG,0,6
henrikG,0,6
henrikG,0,6
henrikG,0,6
henrikG,0,6
henrikG,0,6
henrikG,0,6
henrikG,0,6
henrikG,0,6
henrikG,0,6
henrikG,0,6
henrikG,0,6
henrikG,0,6
henrikG,0,6
henrikG,0,6
jillR,0,8
jillR,0,8
jillR,0,8
jillR,0,8
jillR,0,8
jillR,0,8
jillR,0,8
jillR,0,8
jillR,0,8
jillR,0,8
jillR,0,8
jillR,0,8
jillR,0,8
jillR,0,8
jillR,0,8
jillR,0,8
jillR,0,8
jillR,0,8
jillR,0,8
jillR,0,8
jillR,0,8
jillR,0,8
jillR,0,8
jillR,0,8
jillR,0,8
jillR,0,8
jillR,0,8
jillR,0,8
jillR,0,8
jillR,0,8
jillR,0,8
jillR,0,8
jillR,0,8
jillR,0,8
jillR,0,8
jillR,0,8
jillR,0,8
jillR,0,8
jillR,0,8
jillR,0,8
jillR,0,8
jillR,0,8
jillR,0,8
jillR,0,8
jillR,0,8
jillR,0,8
jillR,0,8
jillR,0,8
jillR,0,8
jillR,0,8
jillR,0,8
jillR,0,8
jillR,0,8
jillR,0,8
jillR,0,8
jillR,0,8
jillR,0,8
jillR,0,8
jillR,0,8
jillR,0,8
jillR,0,8
jillR,0,8
jillR,0,8
jillR,0,8
jillR,0,8
jillR,0,8
jillR,0,8
jillR,0,8
jillR,0,8
jillR,0,8
jillR,0,8
jillR,0,8
jillR,0,8
jillR,0,8
jillR,0,8
jillR,0,8
jillR,0,8
jillR,0,8
jillR,0,8
jillR,0,8
jillR,0,8
jillR,0,8
jillR,0,8
jillR,0,8
jillR,0,8
jillR,0,8
jillR,0,8
jillR,0,8
jillR,0,8
jillR,0,8
jillR,0,8
jillR,0,8
jillR,0,8
jillR,0,8
jillR,0,8
jillR,0,8
jillR,0,8
jillR,0,8
pierreG,0,1
pierreG,0,1
pierreG,0,1
pierreG,0,1
pierreG,0,1
pierreG,0,1
pierreG,0,1
pierreG,0,1
pierreG,0,1
pierreG,0,1
pierreG,0,1
pierreG,0,1
pierreG,0,1
pierreG,0,1
pierreG,0,1
pierreG,0,1
pierreG,0,1
pierreG,0,1
pierreG,0,1
pierreG,0,1
pierreG,0,1
pierreG,0,1
pierreG,0,1
pierreG,0,1
pierreG,0,1
pierreG,0,1
pierreG,0,1
pierreG,0,1
pierreG,0,1
pierreG,0,1
pierreG,0,1
pierreG,0,1
pierreG,0,1
pierreG,0,1
pierreG,0,1
pierreG,0,1
pierreG,0,1
pierreG,0,1
pierreG,0,1
pierreG,0,1
pierreG,0,1
pierreG,0,1
pierreG,0,1
pierreG,1,1
pierreG,1,1
pierreG,0,1
pierreG,0,1
pierreG,0,1
pierreG,0,1
pierreG,0,1
pierreG,0,1
pierreG,0,1
pierreG,0,1
pierreG,0,1
pierreG,0,1
pierreG,0,1
pierreG,0,1
pierreG,0,1
pierreG,0,1
pierreG,0,1
pierreG,0,1
pierreG,0,1
pierreG,0,1
pierreG,0,1
pierreG,0,1
pierreG,0,1
pierreG,0,1
pierreG,0,1
pierreG,0,1
pierreG,0,1
pierreG,0,1
pierreG,0,1
pierreG,0,1
pierreG,0,1
pierreG,0,1
pierreG,0,1
pierreG,0,1
pierreG,0,1
pierreG,0,1
pierreG,0,1
pierreG,0,1
pierreG,0,1
pierreG,0,1
pierreG,0,1
pierreG,0,1
pierreG,0,1
pierreG,0,1
pierreG,0,1
pierreG,0,1
pierreG,0,1
pierreG,0,1
pierreG,0,1
pierreG,0,1
pierreG,0,1
pierreG,0,1
pierreG,0,1
pierreG,0,1
pierreG,0,1
pierreG,0,1
pierreG,0,1
pierreG,0,1
amirS,0,9
amirS,0,9
amirS,0,9
amirS,1,9
amirS,0,9
amirS,0,9
amirS,0,9
amirS,0,9
amirS,0,9
amirS,0,9
amirS,0,9
amirS,0,9
amirS,0,9
amirS,0,9
amirS,0,9
amirS,0,9
amirS,0,9
amirS,0,9
amirS,0,9
amirS,0,9
amirS,0,9
amirS,0,9
amirS,1,9
amirS,1,9
amirS,0,9
amirS,1,9
amirS,0,9
amirS,1,9
amirS,0,9
amirS,0,9
amirS,0,9
amirS,0,9
amirS,0,9
amirS,0,9
amirS,0,9
amirS,0,9
amirS,0,9
amirS,0,9
amirS,0,9
amirS,0,9
amirS,0,9
amirS,0,9
amirS,0,9
amirS,0,9
amirS,0,9
amirS,0,9
amirS,0,9
amirS,0,9
amirS,0,9
amirS,0,9
amirS,0,9
amirS,0,9
amirS,0,9
amirS,0,9
amirS,0,9
amirS,0,9
amirS,0,9
amirS,0,9
amirS,0,9
amirS,0,9
amirS,0,9
amirS,0,9
amirS,0,9
amirS,0,9
amirS,0,9
amirS,0,9
amirS,0,9
amirS,0,9
amirS,0,9
amirS,0,9
amirS,0,9
amirS,0,9
amirS,0,9
amirS,0,9
amirS,0,9
amirS,0,9
amirS,0,9
amirS,0,9
amirS,0,9
amirS,0,9
amirS,0,9
amirS,0,9
amirS,0,9
amirS,0,9
amirS,0,9
amirS,0,9
amirS,0,9
amirS,0,9
amirS,0,9
amirS,0,9
amirS,0,9
amirS,0,9
amirS,0,9
amirS,0,9
amirS,0,9
amirS,0,9
amirS,0,9
amirS,0,9
amirS,0,9
amirS,0,9
amirS,0,9
amirS,0,9
amirS,0,9
davidV,0,2
davidV,0,2
davidV,0,2
davidV,0,2
davidV,0,2
davidV,0,2
davidV,0,2
davidV,0,2
davidV,0,2
davidV,0,2
davidV,0,2
davidV,0,2
davidV,0,2
davidV,0,2
davidV,0,2
davidV,0,2
davidV,0,2
davidV,0,2
davidV,0,2
davidV,0,2
davidV,0,2
davidV,0,2
davidV,0,2
davidV,0,2
davidV,0,2
davidV,0,2
davidV,0,2
davidV,0,2
davidV,0,2
davidV,0,2
davidV,0,2
davidV,0,2
davidV,0,2
davidV,0,2
davidV,0,2
davidV,0,2
davidV,0,2
davidV,0,2
davidV,0,2
davidV,0,2
davidV,0,2
davidV,0,2
davidV,0,2
davidV,0,2
davidV,0,2
davidV,0,2
davidV,0,2
davidV,0,2
davidV,0,2
davidV,0,2
davidV,0,2
davidV,0,2
davidV,0,2
davidV,0,2
davidV,0,2
davidV,0,2
davidV,0,2
davidV,0,2
davidV,0,2
davidV,0,2
davidV,0,2
davidV,0,2
davidV,0,2
davidV,0,2
davidV,0,2
davidV,0,2
davidV,0,2
davidV,0,2
davidV,0,2
davidV,0,2
davidV,0,2
davidV,0,2
davidV,0,2
davidV,0,2
davidV,0,2
davidV,0,2
davidV,0,2
davidV,0,2
davidV,0,2
davidV,0,2
davidV,0,2
davidV,0,2
davidV,0,2
davidV,0,2
davidV,0,2
davidV,0,2
davidV,0,2
davidV,0,2
davidV,0,2
davidV,0,2
davidV,0,2
davidV,0,2
davidV,0,2
davidV,0,2
davidV,0,2
davidV,0,2
davidV,0,2
davidV,0,2
davidV,0,2
davidV,0,2
kaleemU,0,3
kaleemU,0,3
kaleemU,0,3
kaleemU,0,3
kaleemU,0,3
kaleemU,0,3
kaleemU,0,3
kaleemU,0,3
kaleemU,0,3
kaleemU,0,3
kaleemU,0,3
kaleemU,0,3
kaleemU,0,3
kaleemU,0,3
kaleemU,0,3
kaleemU,0,3
kaleemU,0,3
kaleemU,0,3
kaleemU,0,3
kaleemU,0,3
kaleemU,0,3
kaleemU,0,3
kaleemU,0,3
kaleemU,0,3
kaleemU,0,3
kaleemU,0,3
kaleemU,0,3
kaleemU,0,3
kaleemU,0,3
kaleemU,0,3
kaleemU,0,3
kaleemU,0,3
kaleemU,0,3
kaleemU,0,3
kaleemU,0,3
kaleemU,0,3
kaleemU,0,3
kaleemU,0,3
kaleemU,0,3
kaleemU,0,3
kaleemU,0,3
kaleemU,0,3
kaleemU,0,3
kaleemU,0,3
kaleemU,0,3
kaleemU,0,3
kaleemU,0,3
kaleemU,0,3
kaleemU,0,3
kaleemU,0,3
kaleemU,0,3
kaleemU,0,3
kaleemU,0,3
kaleemU,0,3
kaleemU,0,3
kaleemU,0,3
kaleemU,0,3
kaleemU,0,3
kaleemU,0,3
kaleemU,0,3
kaleemU,0,3
kaleemU,0,3
kaleemU,0,3
kaleemU,0,3
kaleemU,0,3
kaleemU,0,3
kaleemU,0,3
kaleemU,0,3
kaleemU,0,3
kaleemU,0,3
kaleemU,0,3
kaleemU,0,3
kaleemU,0,3
kaleemU,0,3
kaleemU,0,3
kaleemU,0,3
kaleemU,0,3
kaleemU,0,3
kaleemU,0,3
kaleemU,0,3
kaleemU,0,3
kaleemU,0,3
kaleemU,0,3
kaleemU,0,3
kaleemU,0,3
kaleemU,0,3
kaleemU,0,3
kaleemU,0,3
kaleemU,0,3
kaleemU,0,3
kaleemU,0,3
kaleemU,0,3
kaleemU,0,3
kaleemU,0,3
kaleemU,0,3
kaleemU,0,3
kaleemU,0,3
kaleemU,0,3
kaleemU,0,3
kaleemU,0,3
kaleemU,0,3
kaleemU,0,3
kaleemU,0,3
kaleemU,0,3
davidKL,0,4
davidKL,0,4
davidKL,0,4
davidKL,0,4
davidKL,0,4
davidKL,0,4
davidKL,0,4
davidKL,0,4
davidKL,0,4
davidKL,0,4
davidKL,0,4
davidKL,0,4
davidKL,0,4
davidKL,0,4
davidKL,0,4
davidKL,0,4
davidKL,0,4
davidKL,0,4
davidKL,0,4
davidKL,0,4
davidKL,0,4
davidKL,0,4
davidKL,0,4
davidKL,0,4
davidKL,0,4
davidKL,0,4
davidKL,0,4
davidKL,0,4
davidKL,0,4
davidKL,0,4
davidKL,0,4
davidKL,0,4
davidKL,0,4
davidKL,0,4
davidKL,0,4
davidKL,0,4
davidKL,0,4
davidKL,0,4
davidKL,0,4
davidKL,0,4
davidKL,0,4
davidKL,0,4
davidKL,0,4
davidKL,0,4
davidKL,0,4
davidKL,0,4
davidKL,0,4
davidKL,0,4
davidKL,0,4
davidKL,0,4
davidKL,0,4
davidKL,0,4
davidKL,0,4
davidKL,0,4
davidKL,0,4
davidKL,0,4
davidKL,0,4
davidKL,0,4
davidKL,0,4
davidKL,0,4
davidKL,0,4
davidKL,0,4
davidKL,0,4
davidKL,0,4
davidKL,0,4
davidKL,0,4
davidKL,0,4
davidKL,0,4
davidKL,0,4
davidKL,0,4
davidKL,0,4
davidKL,0,4
davidKL,0,4
davidKL,0,4
davidKL,0,4
davidKL,0,4
davidKL,0,4
davidKL,0,4
davidKL,0,4
davidKL,0,4
davidKL,0,4
davidKL,0,4
davidKL,0,4
davidKL,0,4
davidKL,0,4
davidKL,0,4
davidKL,0,4
davidKL,0,4
davidKL,0,4
davidKL,0,4
davidKL,0,4
davidKL,0,4
davidKL,0,4
davidKL,0,4
davidKL,0,4
davidKL,0,4
davidKL,0,4
davidKL,0,4
davidKL,0,4
ingeborgR,0,5
ingeborgR,0,5
ingeborgR,0,5
ingeborgR,0,5
ingeborgR,1,5
ingeborgR,0,5
ingeborgR,0,5
ingeborgR,0,5
ingeborgR,0,5
ingeborgR,0,5
ingeborgR,0,5
ingeborgR,0,5
ingeborgR,0,5
ingeborgR,0,5
ingeborgR,0,5
ingeborgR,0,5
ingeborgR,0,5
ingeborgR,0,5
ingeborgR,0,5
ingeborgR,0,5
ingeborgR,0,5
ingeborgR,0,5
ingeborgR,0,5
ingeborgR,0,5
ingeborgR,0,5
ingeborgR,0,5
ingeborgR,0,5
ingeborgR,0,5
ingeborgR,0,5
ingeborgR,0,5
ingeborgR,0,5
ingeborgR,0,5
ingeborgR,0,5
ingeborgR,0,5
ingeborgR,0,5
ingeborgR,0,5
ingeborgR,0,5
ingeborgR,0,5
ingeborgR,0,5
ingeborgR,0,5
ingeborgR,0,5
ingeborgR,0,5
ingeborgR,0,5
ingeborgR,0,5
ingeborgR,0,5
ingeborgR,0,5
ingeborgR,0,5
ingeborgR,0,5
ingeborgR,0,5
ingeborgR,0,5
ingeborgR,0,5
ingeborgR,0,5
ingeborgR,0,5
ingeborgR,0,5
ingeborgR,0,5
ingeborgR,0,5
ingeborgR,0,5
ingeborgR,0,5
ingeborgR,0,5
ingeborgR,0,5
ingeborgR,0,5
ingeborgR,0,5
ingeborgR,0,5
ingeborgR,0,5
ingeborgR,0,5
ingeborgR,0,5
ingeborgR,0,5
ingeborgR,0,5
ingeborgR,0,5
ingeborgR,0,5
ingeborgR,0,5
ingeborgR,0,5
ingeborgR,0,5
ingeborgR,0,5
ingeborgR,0,5
ingeborgR,0,5
ingeborgR,0,5
ingeborgR,0,5
ingeborgR,0,5
ingeborgR,0,5
ingeborgR,1,5
ingeborgR,0,5
ingeborgR,0,5
ingeborgR,0,5
ingeborgR,0,5
ingeborgR,0,5
ingeborgR,0,5
ingeborgR,0,5
ingeborgR,0,5
ingeborgR,0,5
ingeborgR,0,5
ingeborgR,0,5
ingeborgR,0,5
ingeborgR,0,5
ingeborgR,0,5
ingeborgR,0,5
ingeborgR,0,5
ingeborgR,0,5
ingeborgR,0,5
ingeborgR,0,5
madlenH,0,11
madlenH,0,11
madlenH,0,11
madlenH,0,11
madlenH,0,11
madlenH,0,11
madlenH,0,11
madlenH,0,11
madlenH,0,11
madlenH,0,11
madlenH,0,11
madlenH,0,11
madlenH,0,11
madlenH,0,11
madlenH,0,11
madlenH,0,11
madlenH,0,11
madlenH,0,11
madlenH,0,11
madlenH,0,11
madlenH,0,11
madlenH,0,11
madlenH,0,11
madlenH,0,11
madlenH,0,11
madlenH,0,11
madlenH,0,11
madlenH,0,11
madlenH,0,11
madlenH,0,11
madlenH,0,11
madlenH,0,11
madlenH,0,11
madlenH,0,11
madlenH,0,11
madlenH,0,11
madlenH,0,11
madlenH,0,11
madlenH,0,11
madlenH,0,11
madlenH,0,11
madlenH,0,11
madlenH,0,11
madlenH,0,11
madlenH,0,11
madlenH,0,11
madlenH,0,11
madlenH,0,11
madlenH,0,11
madlenH,0,11
madlenH,0,11
madlenH,0,11
madlenH,0,11
madlenH,0,11
madlenH,0,11
madlenH,0,11
madlenH,0,11
madlenH,0,11
madlenH,0,11
madlenH,0,11
madlenH,0,11
madlenH,0,11
madlenH,0,11
madlenH,0,11
madlenH,0,11
madlenH,0,11
madlenH,0,11
madlenH,0,11
madlenH,0,11
madlenH,0,11
madlenH,0,11
madlenH,0,11
madlenH,0,11
madlenH,0,11
madlenH,0,11
madlenH,0,11
madlenH,0,11
madlenH,0,11
madlenH,0,11
madlenH,0,11
madlenH,0,11
madlenH,0,11
madlenH,0,11
madlenH,0,11
madlenH,0,11
madlenH,0,11
madlenH,0,11
madlenH,0,11
madlenH,0,11
madlenH,0,11
madlenH,0,11
madlenH,0,11
madlenH,0,11
madlenH,0,11
madlenH,0,11
madlenH,0,11
madlenH,0,11
madlenH,0,11
madlenH,0,11
madlenH,0,11
henrikG,0,6
henrikG,0,6
henrikG,0,6
henrikG,0,6
henrikG,0,6
henrikG,0,6
henrikG,0,6
henrikG,0,6
henrikG,0,6
henrikG,0,6
henrikG,0,6
henrikG,0,6
henrikG,0,6
henrikG,0,6
henrikG,0,6
henrikG,0,6
henrikG,0,6
henrikG,0,6
henrikG,0,6
henrikG,0,6
henrikG,0,6
henrikG,0,6
henrikG,0,6
henrikG,0,6
henrikG,0,6
henrikG,0,6
henrikG,0,6
henrikG,0,6
henrikG,0,6
henrikG,0,6
henrikG,0,6
henrikG,0,6
henrikG,0,6
henrikG,0,6
henrikG,0,6
henrikG,0,6
henrikG,0,6
henrikG,0,6
henrikG,0,6
henrikG,0,6
henrikG,0,6
henrikG,0,6
henrikG,0,6
henrikG,0,6
henrikG,0,6
henrikG,0,6
henrikG,0,6
henrikG,0,6
henrikG,0,6
henrikG,0,6
henrikG,0,6
henrikG,0,6
henrikG,0,6
henrikG,0,6
henrikG,0,6
henrikG,0,6
henrikG,0,6
henrikG,0,6
henrikG,0,6
henrikG,0,6
henrikG,0,6
henrikG,0,6
henrikG,0,6
henrikG,0,6
henrikG,0,6
henrikG,0,6
henrikG,0,6
henrikG,0,6
henrikG,0,6
henrikG,0,6
henrikG,0,6
henrikG,0,6
henrikG,0,6
henrikG,0,6
henrikG,0,6
henrikG,0,6
henrikG,0,6
henrikG,0,6
henrikG,0,6
henrikG,0,6
henrikG,0,6
henrikG,0,6
henrikG,0,6
henrikG,0,6
henrikG,0,6
henrikG,0,6
henrikG,0,6
henrikG,0,6
henrikG,0,6
henrikG,0,6
henrikG,0,6
henrikG,0,6
henrikG,0,6
henrikG,0,6
henrikG,0,6
henrikG,0,6
henrikG,0,6
henrikG,0,6
henrikG,0,6
henrikG,0,6
henrikG,0,6
henrikG,0,6
henrikG,0,6
pierreG,0,1
pierreG,0,1
pierreG,0,1
pierreG,0,1
pierreG,0,1
pierreG,0,1
pierreG,0,1
pierreG,0,1
pierreG,0,1
pierreG,0,1
pierreG,0,1
pierreG,0,1
pierreG,0,1
pierreG,0,1
pierreG,0,1
pierreG,0,1
pierreG,0,1
pierreG,0,1
pierreG,0,1
pierreG,0,1
pierreG,0,1
pierreG,0,1
pierreG,0,1
pierreG,0,1
pierreG,0,1
pierreG,0,1
pierreG,0,1
pierreG,0,1
pierreG,0,1
pierreG,0,1
pierreG,0,1
pierreG,0,1
pierreG,0,1
pierreG,0,1
pierreG,0,1
pierreG,0,1
pierreG,0,1
pierreG,0,1
pierreG,0,1
pierreG,0,1
pierreG,0,1
pierreG,0,1
pierreG,0,1
pierreG,0,1
pierreG,0,1
pierreG,0,1
pierreG,0,1
pierreG,0,1
pierreG,0,1
pierreG,0,1
pierreG,0,1
pierreG,0,1
pierreG,0,1
pierreG,0,1
pierreG,0,1
pierreG,0,1
pierreG,0,1
pierreG,0,1
pierreG,0,1
pierreG,0,1
pierreG,0,1
pierreG,0,1
pierreG,0,1
pierreG,0,1
pierreG,0,1
pierreG,0,1
pierreG,0,1
pierreG,0,1
pierreG,0,1
pierreG,0,1
pierreG,0,1
pierreG,0,1
pierreG,0,1
pierreG,0,1
pierreG,0,1
pierreG,0,1
pierreG,0,1
pierreG,0,1
pierreG,0,1
pierreG,0,1
pierreG,0,1
pierreG,0,1
pierreG,0,1
pierreG,0,1
pierreG,0,1
pierreG,0,1
pierreG,0,1
pierreG,0,1
pierreG,0,1
pierreG,0,1
pierreG,0,1
pierreG,0,1
pierreG,0,1
pierreG,0,1
pierreG,0,1
pierreG,0,1
pierreG,0,1
pierreG,0,1
pierreG,0,1
pierreG,0,1
amirS,0,9
amirS,0,9
amirS,0,9
amirS,0,9
amirS,0,9
amirS,0,9
amirS,0,9
amirS,0,9
amirS,0,9
amirS,0,9
amirS,0,9
amirS,0,9
amirS,0,9
amirS,0,9
amirS,0,9
amirS,0,9
amirS,0,9
amirS,0,9
amirS,0,9
amirS,0,9
amirS,0,9
amirS,0,9
amirS,0,9
amirS,0,9
amirS,0,9
amirS,0,9
amirS,0,9
amirS,0,9
amirS,0,9
amirS,0,9
amirS,0,9
amirS,0,9
amirS,0,9
amirS,0,9
amirS,0,9
amirS,0,9
amirS,0,9
amirS,0,9
amirS,0,9
amirS,0,9
amirS,0,9
amirS,0,9
amirS,0,9
amirS,0,9
amirS,0,9
amirS,0,9
amirS,0,9
amirS,0,9
amirS,0,9
amirS,0,9
amirS,0,9
amirS,0,9
amirS,0,9
amirS,0,9
amirS,0,9
amirS,0,9
amirS,0,9
amirS,0,9
amirS,0,9
amirS,0,9
amirS,0,9
amirS,0,9
amirS,0,9
amirS,0,9
amirS,0,9
amirS,0,9
amirS,0,9
amirS,0,9
amirS,0,9
amirS,0,9
amirS,0,9
amirS,0,9
amirS,0,9
amirS,0,9
amirS,0,9
amirS,0,9
amirS,0,9
amirS,0,9
amirS,0,9
amirS,0,9
amirS,0,9
amirS,0,9
amirS,0,9
amirS,0,9
amirS,0,9
amirS,0,9
amirS,0,9
amirS,0,9
amirS,0,9
amirS,0,9
amirS,0,9
amirS,0,9
amirS,0,9
amirS,0,9
amirS,0,9
amirS,0,9
amirS,0,9
amirS,0,9
amirS,0,9
amirS,0,9
amirS,0,9
amirS,0,9
davidV,0,2
davidV,0,2
davidV,0,2
davidV,0,2
davidV,0,2
davidV,0,2
davidV,0,2
davidV,0,2
davidV,0,2
davidV,0,2
davidV,0,2
davidV,0,2
davidV,0,2
davidV,0,2
davidV,0,2
davidV,0,2
davidV,0,2
davidV,0,2
davidV,0,2
davidV,0,2
davidV,0,2
davidV,0,2
davidV,0,2
davidV,0,2
davidV,0,2
davidV,0,2
davidV,0,2
davidV,0,2
davidV,0,2
davidV,0,2
davidV,0,2
davidV,0,2
davidV,0,2
davidV,0,2
davidV,0,2
davidV,0,2
davidV,0,2
davidV,0,2
davidV,0,2
davidV,0,2
davidV,0,2
davidV,0,2
davidV,0,2
davidV,0,2
davidV,0,2
davidV,0,2
davidV,0,2
davidV,0,2
davidV,0,2
davidV,0,2
davidV,0,2
davidV,0,2
davidV,0,2
davidV,0,2
davidV,0,2
davidV,0,2
davidV,0,2
davidV,0,2
davidV,0,2
davidV,0,2
davidV,0,2
davidV,0,2
davidV,0,2
davidV,0,2
davidV,0,2
davidV,0,2
davidV,0,2
davidV,0,2
davidV,0,2
davidV,0,2
davidV,0,2
davidV,0,2
davidV,0,2
davidV,0,2
davidV,0,2
davidV,0,2
davidV,0,2
davidV,0,2
davidV,0,2
davidV,1,2
davidV,0,2
davidV,0,2
davidV,0,2
davidV,0,2
davidV,0,2
davidV,0,2
davidV,0,2
davidV,0,2
davidV,0,2
davidV,0,2
davidV,0,2
davidV,0,2
davidV,0,2
davidV,0,2
davidV,0,2
davidV,0,2
davidV,0,2
davidV,0,2
davidV,0,2
davidV,0,2
davidV,0,2
kaleemU,0,3
kaleemU,0,3
kaleemU,0,3
kaleemU,0,3
kaleemU,0,3
kaleemU,0,3
kaleemU,0,3
kaleemU,0,3
kaleemU,0,3
kaleemU,0,3
kaleemU,0,3
kaleemU,0,3
kaleemU,0,3
kaleemU,0,3
kaleemU,0,3
kaleemU,0,3
kaleemU,0,3
kaleemU,0,3
kaleemU,0,3
kaleemU,0,3
kaleemU,0,3
kaleemU,0,3
kaleemU,0,3
kaleemU,0,3
kaleemU,0,3
kaleemU,0,3
kaleemU,0,3
kaleemU,0,3
kaleemU,0,3
kaleemU,0,3
kaleemU,0,3
kaleemU,0,3
kaleemU,0,3
kaleemU,0,3
kaleemU,0,3
kaleemU,0,3
kaleemU,0,3
kaleemU,0,3
kaleemU,0,3
kaleemU,0,3
kaleemU,0,3
kaleemU,0,3
kaleemU,0,3
kaleemU,0,3
kaleemU,0,3
kaleemU,0,3
kaleemU,0,3
kaleemU,0,3
kaleemU,0,3
kaleemU,0,3
kaleemU,0,3
kaleemU,0,3
kaleemU,0,3
kaleemU,0,3
kaleemU,0,3
kaleemU,0,3
kaleemU,0,3
kaleemU,0,3
kaleemU,0,3
kaleemU,0,3
kaleemU,0,3
kaleemU,0,3
kaleemU,0,3
kaleemU,0,3
kaleemU,0,3
kaleemU,0,3
kaleemU,0,3
kaleemU,0,3
kaleemU,0,3
kaleemU,0,3
kaleemU,0,3
kaleemU,0,3
kaleemU,0,3
kaleemU,0,3
kaleemU,0,3
kaleemU,0,3
kaleemU,0,3
kaleemU,0,3
kaleemU,0,3
kaleemU,0,3
kaleemU,0,3
kaleemU,0,3
kaleemU,0,3
kaleemU,0,3
kaleemU,1,3
kaleemU,0,3
kaleemU,0,3
kaleemU,0,3
kaleemU,0,3
kaleemU,0,3
kaleemU,0,3
kaleemU,0,3
kaleemU,0,3
kaleemU,0,3
kaleemU,0,3
kaleemU,0,3
kaleemU,0,3
kaleemU,0,3
kaleemU,0,3
kaleemU,0,3
kaleemU,0,3
kaleemU,0,3
frantisekB,0,10
frantisekB,0,10
frantisekB,0,10
frantisekB,0,10
frantisekB,0,10
frantisekB,0,10
frantisekB,0,10
frantisekB,0,10
frantisekB,0,10
frantisekB,0,10
frantisekB,0,10
frantisekB,0,10
frantisekB,0,10
frantisekB,0,10
frantisekB,0,10
frantisekB,0,10
frantisekB,0,10
frantisekB,0,10
frantisekB,0,10
frantisekB,0,10
frantisekB,0,10
frantisekB,0,10
frantisekB,0,10
frantisekB,0,10
frantisekB,0,10
frantisekB,0,10
frantisekB,0,10
frantisekB,0,10
frantisekB,0,10
frantisekB,0,10
frantisekB,0,10
frantisekB,0,10
frantisekB,0,10
frantisekB,0,10
frantisekB,0,10
frantisekB,0,10
frantisekB,0,10
frantisekB,0,10
frantisekB,0,10
frantisekB,0,10
frantisekB,0,10
frantisekB,0,10
frantisekB,0,10
frantisekB,0,10
frantisekB,0,10
frantisekB,0,10
frantisekB,0,10
frantisekB,0,10
frantisekB,0,10
frantisekB,0,10
frantisekB,0,10
frantisekB,0,10
frantisekB,0,10
frantisekB,0,10
frantisekB,0,10
frantisekB,0,10
frantisekB,0,10
frantisekB,0,10
frantisekB,0,10
frantisekB,0,10
frantisekB,0,10
frantisekB,0,10
frantisekB,0,10
frantisekB,0,10
frantisekB,0,10
frantisekB,0,10
frantisekB,0,10
frantisekB,0,10
frantisekB,0,10
frantisekB,0,10
frantisekB,0,10
frantisekB,0,10
frantisekB,0,10
frantisekB,0,10
frantisekB,0,10
frantisekB,0,10
frantisekB,0,10
frantisekB,0,10
frantisekB,0,10
frantisekB,0,10
frantisekB,0,10
frantisekB,0,10
frantisekB,0,10
frantisekB,0,10
frantisekB,0,10
frantisekB,0,10
frantisekB,0,10
frantisekB,0,10
frantisekB,0,10
frantisekB,0,10
frantisekB,0,10
frantisekB,0,10
frantisekB,0,10
frantisekB,0,10
frantisekB,0,10
frantisekB,0,10
frantisekB,0,10
frantisekB,0,10
frantisekB,0,10
frantisekB,0,10
alexandraS,0,12
alexandraS,0,12
alexandraS,0,12
alexandraS,0,12
alexandraS,0,12
alexandraS,0,12
alexandraS,0,12
alexandraS,0,12
alexandraS,0,12
alexandraS,0,12
alexandraS,0,12
alexandraS,0,12
alexandraS,0,12
alexandraS,0,12
alexandraS,0,12
alexandraS,0,12
alexandraS,0,12
alexandraS,0,12
alexandraS,0,12
alexandraS,0,12
alexandraS,0,12
alexandraS,0,12
alexandraS,0,12
alexandraS,0,12
alexandraS,0,12
alexandraS,0,12
alexandraS,0,12
alexandraS,0,12
alexandraS,0,12
alexandraS,0,12
alexandraS,0,12
alexandraS,0,12
alexandraS,0,12
alexandraS,0,12
alexandraS,0,12
alexandraS,0,12
alexandraS,0,12
alexandraS,0,12
alexandraS,0,12
alexandraS,0,12
alexandraS,0,12
alexandraS,0,12
alexandraS,0,12
alexandraS,0,12
alexandraS,0,12
alexandraS,0,12
alexandraS,0,12
alexandraS,0,12
alexandraS,0,12
alexandraS,0,12
alexandraS,0,12
alexandraS,0,12
alexandraS,0,12
alexandraS,0,12
alexandraS,0,12
alexandraS,0,12
alexandraS,0,12
alexandraS,0,12
alexandraS,0,12
alexandraS,0,12
alexandraS,0,12
alexandraS,0,12
alexandraS,0,12
alexandraS,0,12
alexandraS,0,12
alexandraS,0,12
alexandraS,0,12
alexandraS,0,12
alexandraS,0,12
alexandraS,0,12
alexandraS,0,12
alexandraS,0,12
alexandraS,0,12
alexandraS,0,12
alexandraS,0,12
alexandraS,0,12
alexandraS,0,12
alexandraS,0,12
alexandraS,0,12
alexandraS,0,12
alexandraS,0,12
alexandraS,0,12
alexandraS,0,12
alexandraS,0,12
alexandraS,0,12
alexandraS,0,12
alexandraS,0,12
alexandraS,0,12
alexandraS,0,12
alexandraS,0,12
alexandraS,0,12
alexandraS,0,12
alexandraS,0,12
alexandraS,0,12
alexandraS,0,12
alexandraS,0,12
alexandraS,0,12
alexandraS,0,12
alexandraS,0,12
alexandraS,0,12
alexandraS,0,12
alexandraS,0,12
alexandraS,0,12
alexandraS,0,12
alexandraS,0,12
henrikG,0,6
henrikG,0,6
henrikG,0,6
henrikG,0,6
henrikG,0,6
henrikG,0,6
henrikG,0,6
henrikG,0,6
henrikG,0,6
henrikG,0,6
henrikG,0,6
henrikG,0,6
henrikG,0,6
henrikG,0,6
henrikG,0,6
henrikG,0,6
henrikG,0,6
henrikG,0,6
henrikG,0,6
henrikG,0,6
henrikG,0,6
henrikG,0,6
henrikG,0,6
henrikG,0,6
henrikG,0,6
henrikG,0,6
henrikG,0,6
henrikG,0,6
henrikG,0,6
henrikG,0,6
henrikG,0,6
henrikG,0,6
henrikG,0,6
henrikG,0,6
henrikG,0,6
henrikG,0,6
henrikG,0,6
henrikG,0,6
henrikG,0,6
henrikG,0,6
henrikG,0,6
henrikG,0,6
henrikG,0,6
henrikG,0,6
henrikG,0,6
henrikG,0,6
henrikG,0,6
henrikG,0,6
henrikG,0,6
henrikG,0,6
henrikG,0,6
henrikG,0,6
henrikG,0,6
henrikG,0,6
henrikG,0,6
henrikG,0,6
henrikG,0,6
henrikG,0,6
henrikG,0,6
henrikG,0,6
henrikG,0,6
henrikG,0,6
henrikG,0,6
henrikG,0,6
henrikG,0,6
henrikG,0,6
henrikG,0,6
henrikG,0,6
henrikG,0,6
henrikG,0,6
henrikG,0,6
henrikG,0,6
henrikG,0,6
henrikG,0,6
henrikG,0,6
henrikG,0,6
henrikG,0,6
henrikG,0,6
henrikG,0,6
henrikG,0,6
henrikG,0,6
henrikG,0,6
henrikG,0,6
henrikG,0,6
henrikG,0,6
henrikG,0,6
henrikG,0,6
henrikG,0,6
henrikG,0,6
henrikG,0,6
henrikG,0,6
henrikG,0,6
henrikG,0,6
henrikG,0,6
henrikG,0,6
henrikG,0,6
henrikG,0,6
henrikG,0,6
henrikG,0,6
henrikG,0,6
henrikG,0,6
henrikG,0,6
jonasP,0,13
jonasP,1,13
jonasP,1,13
jonasP,0,13
jonasP,0,13
jonasP,0,13
jonasP,0,13
jonasP,0,13
jonasP,0,13
jonasP,0,13
jonasP,0,13
jonasP,0,13
jonasP,0,13
jonasP,0,13
jonasP,0,13
jonasP,0,13
jonasP,0,13
jonasP,0,13
jonasP,0,13
jonasP,0,13
jonasP,0,13
jonasP,0,13
jonasP,0,13
jonasP,0,13
jonasP,0,13
jonasP,0,13
jonasP,0,13
jonasP,0,13
jonasP,0,13
jonasP,0,13
jonasP,0,13
jonasP,0,13
jonasP,0,13
jonasP,0,13
jonasP,0,13
jonasP,0,13
jonasP,0,13
jonasP,0,13
jonasP,0,13
jonasP,0,13
jonasP,0,13
jonasP,0,13
jonasP,0,13
jonasP,0,13
jonasP,0,13
jonasP,0,13
jonasP,0,13
jonasP,0,13
jonasP,0,13
jonasP,0,13
jonasP,0,13
jonasP,0,13
jonasP,0,13
jonasP,0,13
jonasP,0,13
jonasP,0,13
jonasP,0,13
jonasP,0,13
jonasP,0,13
jonasP,0,13
jonasP,0,13
jonasP,0,13
jonasP,0,13
jonasP,0,13
jonasP,0,13
jonasP,0,13
jonasP,0,13
jonasP,0,13
jonasP,0,13
jonasP,0,13
jonasP,0,13
jonasP,0,13
jonasP,0,13
jonasP,0,13
jonasP,0,13
jonasP,0,13
jonasP,0,13
jonasP,0,13
jonasP,0,13
jonasP,0,13
jonasP,0,13
jonasP,0,13
jonasP,0,13
jonasP,0,13
jonasP,0,13
jonasP,0,13
jonasP,0,13
jonasP,0,13
jonasP,0,13
jonasP,0,13
jonasP,0,13
jonasP,0,13
jonasP,0,13
jonasP,0,13
jonasP,0,13
jonasP,0,13
jonasP,0,13
jonasP,0,13
jonasP,0,13
jonasP,0,13
pierreG,0,1
pierreG,0,1
pierreG,0,1
pierreG,0,1
pierreG,0,1
pierreG,0,1
pierreG,0,1
pierreG,0,1
pierreG,0,1
pierreG,0,1
pierreG,0,1
pierreG,0,1
pierreG,0,1
pierreG,0,1
pierreG,0,1
pierreG,0,1
pierreG,0,1
pierreG,0,1
pierreG,0,1
pierreG,0,1
pierreG,0,1
pierreG,0,1
pierreG,0,1
pierreG,0,1
pierreG,0,1
pierreG,0,1
pierreG,0,1
pierreG,0,1
pierreG,0,1
pierreG,0,1
pierreG,0,1
pierreG,0,1
pierreG,0,1
pierreG,0,1
pierreG,0,1
pierreG,0,1
pierreG,0,1
pierreG,0,1
pierreG,0,1
pierreG,0,1
pierreG,0,1
pierreG,0,1
pierreG,0,1
pierreG,0,1
pierreG,0,1
pierreG,0,1
pierreG,0,1
pierreG,0,1
pierreG,0,1
pierreG,0,1
pierreG,0,1
pierreG,0,1
pierreG,0,1
pierreG,0,1
pierreG,0,1
pierreG,0,1
pierreG,0,1
pierreG,0,1
pierreG,0,1
pierreG,0,1
pierreG,0,1
pierreG,0,1
pierreG,0,1
pierreG,0,1
pierreG,0,1
pierreG,0,1
pierreG,0,1
pierreG,0,1
pierreG,0,1
pierreG,0,1
pierreG,0,1
pierreG,0,1
pierreG,0,1
pierreG,0,1
pierreG,0,1
pierreG,0,1
pierreG,0,1
pierreG,0,1
pierreG,0,1
pierreG,0,1
pierreG,0,1
pierreG,0,1
pierreG,0,1
pierreG,0,1
pierreG,0,1
pierreG,0,1
pierreG,0,1
pierreG,0,1
pierreG,0,1
pierreG,0,1
pierreG,0,1
pierreG,0,1
pierreG,0,1
pierreG,0,1
pierreG,0,1
pierreG,0,1
pierreG,0,1
pierreG,0,1
pierreG,0,1
pierreG,0,1
amirS,0,9
amirS,0,9
amirS,0,9
amirS,0,9
amirS,0,9
amirS,0,9
amirS,0,9
amirS,0,9
amirS,0,9
amirS,0,9
amirS,0,9
amirS,0,9
amirS,0,9
amirS,0,9
amirS,0,9
amirS,0,9
amirS,0,9
amirS,0,9
amirS,0,9
amirS,0,9
amirS,0,9
amirS,0,9
amirS,0,9
amirS,0,9
amirS,0,9
amirS,0,9
amirS,0,9
amirS,0,9
amirS,0,9
amirS,0,9
amirS,0,9
amirS,0,9
amirS,0,9
amirS,0,9
amirS,0,9
amirS,0,9
amirS,0,9
amirS,0,9
amirS,0,9
amirS,0,9
amirS,0,9
amirS,0,9
amirS,0,9
amirS,0,9
amirS,0,9
amirS,0,9
amirS,0,9
amirS,0,9
amirS,0,9
amirS,0,9
amirS,0,9
amirS,0,9
amirS,0,9
amirS,0,9
amirS,0,9
amirS,0,9
amirS,0,9
amirS,0,9
amirS,0,9
amirS,0,9
amirS,0,9
amirS,0,9
amirS,0,9
amirS,0,9
amirS,0,9
amirS,0,9
amirS,0,9
amirS,0,9
amirS,0,9
amirS,0,9
amirS,0,9
amirS,0,9
amirS,0,9
amirS,0,9
amirS,0,9
amirS,0,9
amirS,0,9
amirS,0,9
amirS,0,9
amirS,0,9
amirS,0,9
amirS,0,9
amirS,0,9
amirS,0,9
amirS,0,9
amirS,0,9
amirS,0,9
amirS,0,9
amirS,0,9
amirS,0,9
amirS,0,9
amirS,0,9
amirS,0,9
amirS,0,9
amirS,0,9
amirS,0,9
amirS,0,9
amirS,0,9
amirS,0,9
amirS,0,9
davidV,0,2
davidV,0,2
davidV,0,2
davidV,0,2
davidV,0,2
davidV,0,2
davidV,0,2
davidV,0,2
davidV,0,2
davidV,0,2
davidV,0,2
davidV,0,2
davidV,0,2
davidV,0,2
davidV,0,2
davidV,0,2
davidV,0,2
davidV,0,2
davidV,0,2
davidV,0,2
davidV,0,2
davidV,0,2
davidV,0,2
davidV,0,2
davidV,0,2
davidV,0,2
davidV,0,2
davidV,0,2
davidV,0,2
davidV,0,2
davidV,0,2
davidV,0,2
davidV,0,2
davidV,0,2
davidV,0,2
davidV,0,2
davidV,0,2
davidV,0,2
davidV,0,2
davidV,0,2
davidV,0,2
davidV,0,2
davidV,0,2
davidV,0,2
davidV,0,2
davidV,0,2
davidV,0,2
davidV,0,2
davidV,0,2
davidV,0,2
davidV,0,2
davidV,0,2
davidV,0,2
davidV,0,2
davidV,0,2
davidV,0,2
davidV,0,2
davidV,0,2
davidV,0,2
davidV,0,2
davidV,0,2
davidV,0,2
davidV,0,2
davidV,0,2
davidV,0,2
davidV,0,2
davidV,0,2
davidV,0,2
davidV,0,2
davidV,0,2
davidV,0,2
davidV,0,2
davidV,0,2
davidV,0,2
davidV,0,2
davidV,0,2
davidV,0,2
davidV,0,2
davidV,0,2
davidV,0,2
davidV,0,2
davidV,0,2
davidV,0,2
davidV,0,2
davidV,0,2
davidV,0,2
davidV,0,2
davidV,0,2
davidV,0,2
davidV,0,2
davidV,0,2
davidV,0,2
davidV,0,2
davidV,0,2
davidV,0,2
davidV,0,2
davidV,0,2
davidV,0,2
davidV,0,2
davidV,0,2
kaleemU,0,3
kaleemU,0,3
kaleemU,0,3
kaleemU,0,3
kaleemU,0,3
kaleemU,0,3
kaleemU,0,3
kaleemU,0,3
kaleemU,0,3
kaleemU,0,3
kaleemU,0,3
kaleemU,0,3
kaleemU,0,3
kaleemU,0,3
kaleemU,0,3
kaleemU,0,3
kaleemU,0,3
kaleemU,0,3
kaleemU,0,3
kaleemU,0,3
kaleemU,0,3
kaleemU,0,3
kaleemU,0,3
kaleemU,0,3
kaleemU,0,3
kaleemU,0,3
kaleemU,0,3
kaleemU,0,3
kaleemU,0,3
kaleemU,0,3
kaleemU,0,3
kaleemU,0,3
kaleemU,0,3
kaleemU,0,3
kaleemU,0,3
kaleemU,0,3
kaleemU,0,3
kaleemU,0,3
kaleemU,0,3
kaleemU,0,3
kaleemU,0,3
kaleemU,0,3
kaleemU,0,3
kaleemU,0,3
kaleemU,0,3
kaleemU,0,3
kaleemU,0,3
kaleemU,0,3
kaleemU,0,3
kaleemU,0,3
kaleemU,0,3
kaleemU,0,3
kaleemU,0,3
kaleemU,0,3
kaleemU,0,3
kaleemU,0,3
kaleemU,0,3
kaleemU,0,3
kaleemU,0,3
kaleemU,0,3
kaleemU,0,3
kaleemU,0,3
kaleemU,0,3
kaleemU,0,3
kaleemU,0,3
kaleemU,0,3
kaleemU,0,3
kaleemU,0,3
kaleemU,0,3
kaleemU,0,3
kaleemU,0,3
kaleemU,0,3
kaleemU,0,3
kaleemU,0,3
kaleemU,0,3
kaleemU,0,3
kaleemU,0,3
kaleemU,0,3
kaleemU,0,3
kaleemU,0,3
kaleemU,0,3
kaleemU,0,3
kaleemU,0,3
kaleemU,0,3
kaleemU,0,3
kaleemU,0,3
kaleemU,0,3
kaleemU,0,3
kaleemU,0,3
kaleemU,0,3
kaleemU,0,3
kaleemU,0,3
kaleemU,0,3
kaleemU,0,3
kaleemU,0,3
kaleemU,0,3
kaleemU,0,3
kaleemU,0,3
kaleemU,0,3
kaleemU,0,3
davidKL,0,4
davidKL,0,4
davidKL,0,4
davidKL,0,4
davidKL,0,4
davidKL,0,4
davidKL,0,4
davidKL,0,4
davidKL,0,4
davidKL,0,4
davidKL,0,4
davidKL,0,4
davidKL,0,4
davidKL,0,4
davidKL,0,4
davidKL,0,4
davidKL,0,4
davidKL,0,4
davidKL,0,4
davidKL,0,4
davidKL,0,4
davidKL,0,4
davidKL,0,4
davidKL,0,4
davidKL,0,4
davidKL,0,4
davidKL,0,4
davidKL,0,4
davidKL,0,4
davidKL,0,4
davidKL,0,4
davidKL,0,4
davidKL,0,4
davidKL,0,4
davidKL,0,4
davidKL,0,4
davidKL,0,4
davidKL,0,4
davidKL,0,4
davidKL,0,4
davidKL,0,4
davidKL,0,4
davidKL,0,4
davidKL,0,4
davidKL,0,4
davidKL,0,4
davidKL,0,4
davidKL,0,4
davidKL,0,4
davidKL,0,4
davidKL,0,4
davidKL,0,4
davidKL,0,4
davidKL,0,4
davidKL,0,4
davidKL,0,4
davidKL,0,4
davidKL,0,4
davidKL,0,4
davidKL,0,4
davidKL,0,4
davidKL,0,4
davidKL,0,4
davidKL,0,4
davidKL,0,4
davidKL,0,4
davidKL,0,4
davidKL,0,4
davidKL,0,4
davidKL,0,4
davidKL,0,4
davidKL,0,4
davidKL,0,4
davidKL,0,4
davidKL,0,4
davidKL,0,4
davidKL,0,4
davidKL,0,4
davidKL,0,4
davidKL,0,4
davidKL,0,4
davidKL,0,4
davidKL,0,4
davidKL,0,4
davidKL,0,4
davidKL,0,4
davidKL,0,4
davidKL,0,4
davidKL,0,4
davidKL,0,4
davidKL,0,4
davidKL,0,4
davidKL,0,4
davidKL,0,4
davidKL,0,4
davidKL,0,4
davidKL,0,4
davidKL,0,4
davidKL,0,4
ingeborgR,0,5
ingeborgR,0,5
ingeborgR,0,5
ingeborgR,0,5
ingeborgR,0,5
ingeborgR,0,5
ingeborgR,0,5
ingeborgR,0,5
ingeborgR,0,5
ingeborgR,0,5
ingeborgR,0,5
ingeborgR,0,5
ingeborgR,0,5
ingeborgR,0,5
ingeborgR,0,5
ingeborgR,0,5
ingeborgR,0,5
ingeborgR,0,5
ingeborgR,0,5
ingeborgR,0,5
ingeborgR,0,5
ingeborgR,0,5
ingeborgR,0,5
ingeborgR,0,5
ingeborgR,0,5
ingeborgR,0,5
ingeborgR,0,5
ingeborgR,0,5
ingeborgR,0,5
ingeborgR,0,5
ingeborgR,0,5
ingeborgR,0,5
ingeborgR,0,5
ingeborgR,0,5
ingeborgR,0,5
ingeborgR,0,5
ingeborgR,0,5
ingeborgR,0,5
ingeborgR,0,5
ingeborgR,0,5
ingeborgR,0,5
ingeborgR,0,5
ingeborgR,0,5
ingeborgR,0,5
ingeborgR,0,5
ingeborgR,0,5
ingeborgR,0,5
ingeborgR,0,5
ingeborgR,0,5
ingeborgR,0,5
ingeborgR,0,5
ingeborgR,0,5
ingeborgR,0,5
ingeborgR,0,5
ingeborgR,0,5
ingeborgR,0,5
ingeborgR,0,5
ingeborgR,0,5
ingeborgR,0,5
ingeborgR,0,5
ingeborgR,0,5
ingeborgR,0,5
ingeborgR,0,5
ingeborgR,0,5
ingeborgR,0,5
ingeborgR,0,5
ingeborgR,0,5
ingeborgR,0,5
ingeborgR,0,5
ingeborgR,0,5
ingeborgR,0,5
ingeborgR,0,5
ingeborgR,0,5
ingeborgR,0,5
ingeborgR,0,5
ingeborgR,0,5
ingeborgR,0,5
ingeborgR,0,5
ingeborgR,0,5
ingeborgR,0,5
ingeborgR,0,5
ingeborgR,0,5
ingeborgR,0,5
ingeborgR,0,5
ingeborgR,0,5
ingeborgR,0,5
ingeborgR,0,5
ingeborgR,0,5
ingeborgR,0,5
ingeborgR,0,5
ingeborgR,0,5
ingeborgR,0,5
ingeborgR,0,5
ingeborgR,0,5
ingeborgR,0,5
ingeborgR,0,5
ingeborgR,0,5
ingeborgR,0,5
ingeborgR,0,5
ingeborgR,0,5
madlenH,0,11
madlenH,0,11
madlenH,0,11
madlenH,0,11
madlenH,0,11
madlenH,0,11
madlenH,0,11
madlenH,0,11
madlenH,0,11
madlenH,0,11
madlenH,0,11
madlenH,0,11
madlenH,0,11
madlenH,0,11
madlenH,0,11
madlenH,0,11
madlenH,0,11
madlenH,0,11
madlenH,0,11
madlenH,0,11
madlenH,0,11
madlenH,0,11
madlenH,0,11
madlenH,0,11
madlenH,0,11
madlenH,0,11
madlenH,0,11
madlenH,0,11
madlenH,0,11
madlenH,0,11
madlenH,0,11
madlenH,0,11
madlenH,0,11
madlenH,0,11
madlenH,0,11
madlenH,0,11
madlenH,0,11
madlenH,0,11
madlenH,0,11
madlenH,0,11
madlenH,0,11
madlenH,0,11
madlenH,0,11
madlenH,0,11
madlenH,0,11
madlenH,0,11
madlenH,0,11
madlenH,0,11
madlenH,0,11
madlenH,0,11
madlenH,0,11
madlenH,0,11
madlenH,0,11
madlenH,0,11
madlenH,0,11
madlenH,0,11
madlenH,0,11
madlenH,0,11
madlenH,0,11
madlenH,0,11
madlenH,0,11
madlenH,0,11
madlenH,0,11
madlenH,0,11
madlenH,0,11
madlenH,0,11
madlenH,0,11
madlenH,0,11
madlenH,0,11
madlenH,0,11
madlenH,0,11
madlenH,0,11
madlenH,0,11
madlenH,0,11
madlenH,0,11
madlenH,0,11
madlenH,0,11
madlenH,0,11
madlenH,0,11
madlenH,0,11
madlenH,0,11
madlenH,0,11
madlenH,0,11
madlenH,0,11
madlenH,0,11
madlenH,0,11
madlenH,0,11
madlenH,0,11
madlenH,0,11
madlenH,0,11
madlenH,0,11
madlenH,0,11
madlenH,0,11
madlenH,0,11
madlenH,0,11
madlenH,0,11
madlenH,0,11
madlenH,0,11
madlenH,0,11
madlenH,0,11
